от;от;ADP;_;_;_;_;_;@say1965m-words#@say1965m#194.0#194.287
того;то;PRON;_;Case=Gen|Gender=Neut|Number=Sing;_;_;_;@say1965m-words#@say1965m#194.287#194.574
насколько;насколько;ADV;_;Degree=Pos;_;_;_;@say1965m-words#@say1965m#194.574#194.861
у;у;ADP;_;_;_;_;_;@say1965m-words#@say1965m#194.861#195.148
них;они;PRON;_;Case=Gen|Number=Plur|Person=3;_;_;_;@say1965m-words#@say1965m#195.148#195.435
продвинутая;продвинуть;VERB;_;Aspect=Perf|Case=Nom|Gender=Fem|Number=Sing|Tense=Past|VerbForm=Part|Voice=Part;_;_;_;@say1965m-words#@say1965m#195.435#195.722
команда;команда;NOUN;_;Animacy=Inan|Case=Nom|Gender=Fem|Number=Sing;_;_;_;@say1965m-words#@say1965m#195.722#196.009
/;/;PUNCT;_;_;_;_;_;@say1965m-words#@say1965m#196.009#196.296
потому;потому;ADV;_;Degree=Pos;_;_;_;@say1965m-words#@say1965m#196.296#196.583
что;что;SCONJ;_;_;_;_;_;@say1965m-words#@say1965m#196.583#196.87
/;/;PUNCT;_;_;_;_;_;@say1965m-words#@say1965m#196.87#197.157
ну;ну;INTJ;_;_;_;_;_;@say1965m-words#@say1965m#197.157#197.444
/;/;PUNCT;_;_;_;_;_;@say1965m-words#@say1965m#197.444#197.731
мы;мы;PRON;_;Case=Nom|Number=Plur|Person=1;_;_;_;@say1965m-words#@say1965m#197.731#198.018
/;/;PUNCT;_;_;_;_;_;@say1965m-words#@say1965m#198.018#198.305
мы;мы;PRON;_;Case=Nom|Number=Plur|Person=1;_;_;_;@say1965m-words#@say1965m#198.305#198.592
например;например;ADV;_;_;_;_;_;@say1965m-words#@say1965m#198.592#198.879
как;как;ADV;_;Degree=Pos;_;_;_;@say1965m-words#@say1965m#198.879#199.166
/;/;PUNCT;_;_;_;_;_;@say1965m-words#@say1965m#199.166#199.453
эээ;эээ;INTJ;_;_;_;_;_;@say1965m-words#@say1965m#199.453#199.74
крупный;крупный;ADJ;_;Case=Nom|Degree=Pos|Gender=Masc|Number=Sing;_;_;_;@say1965m-words#@say1965m#199.74#200.027
оффлайн;оффлайн;ADJ;_;_;_;_;_;@say1965m-words#@say1965m#200.027#200.314
игрок;игрок;NOUN;_;Animacy=Anim|Case=Nom|Gender=Masc|Number=Sing;_;_;_;@say1965m-words#@say1965m#200.314#200.601
четко;четко;ADV;_;Degree=Pos;_;_;_;@say1965m-words#@say1965m#200.601#200.888
понимаем;понимать;VERB;_;Aspect=Imp|Mood=Ind|Number=Plur|Person=1|Tense=Pres|VerbForm=Fin|Voice=Act;_;_;_;@say1965m-words#@say1965m#200.888#201.175
что;что;SCONJ;_;_;_;_;_;@say1965m-words#@say1965m#201.175#201.462
/;/;PUNCT;_;_;_;_;_;@say1965m-words#@say1965m#201.462#201.749
ааа;ааа;INTJ;_;_;_;_;_;@say1965m-words#@say1965m#201.749#202.036
вопрос;вопрос;NOUN;_;Animacy=Inan|Case=Nom|Gender=Masc|Number=Sing;_;_;_;@say1965m-words#@say1965m#202.036#202.323
онлайна;онлайн;NOUN;_;Animacy=Inan|Case=Gen|Gender=Masc|Number=Sing;_;_;_;@say1965m-words#@say1965m#202.323#202.61
/;/;PUNCT;_;_;_;_;_;@say1965m-words#@say1965m#202.61#202.897
это;это;DET;_;Case=Nom|Gender=Neut|Number=Sing;_;_;_;@say1965m-words#@say1965m#202.897#203.184
немножко;немного;ADV;_;Degree=Cmp;_;_;_;@say1965m-words#@say1965m#203.184#203.471
/;/;PUNCT;_;_;_;_;_;@say1965m-words#@say1965m#203.471#203.758
другая;другой;ADJ;_;Case=Nom|Degree=Pos|Gender=Fem|Number=Sing;_;_;_;@say1965m-words#@say1965m#203.758#204.045
сфера;сфера;NOUN;_;Animacy=Inan|Case=Nom|Gender=Fem|Number=Sing;_;_;_;@say1965m-words#@say1965m#204.045#204.332
то;то;SCONJ;_;_;_;_;_;@say1965m-words#@say1965m#204.332#204.619
есть;есть;VERB;_;Aspect=Imp|Mood=Ind||VerbForm=Inf;_;_;_;@say1965m-words#@say1965m#204.619#204.906
и;и;CCONJ;_;_;_;_;_;@say1965m-words#@say1965m#204.906#205.193
обычно;обычно;ADV;_;Degree=Pos;_;_;_;@say1965m-words#@say1965m#205.193#205.48
положить;класть;VERB;_;Aspect=Perf|VerbForm=Inf|Voice=Act;_;_;_;@say1965m-words#@say1965m#205.48#205.767
оффлайн;оффлайн;NOUN;_;Animacy=Inan|Case=Acc|Gender=Masc|Namber=Sing;_;_;_;@say1965m-words#@say1965m#205.767#206.054
бизнес;бизнес;NOUN;_;Animacy=Inan|Case=Acc|Gender=Masc|Number=Sing;_;_;_;@say1965m-words#@say1965m#206.054#206.341
в;в;ADP;_;_;_;_;_;@say1965m-words#@say1965m#206.341#206.628
онлайн;онлайн;NOUN;_;Animacy=Inan|Case=Loc|Gender=Masc|Namber=Sing;_;_;_;@say1965m-words#@say1965m#206.628#206.915
бизнес;бизнес;NOUN;_;Animacy=Inan|Case=Loc|Gender=Masc|Number=Sing;_;_;_;@say1965m-words#@say1965m#206.915#207.202
достаточно;достаточно;ADV;_;Degree=Pos;_;_;_;@say1965m-words#@say1965m#207.202#207.489
сложно;сложный;ADJ;_;Degree=Pos|Gender=Neut|Number=Sing|Variant=Short;_;_;_;@say1965m-words#@say1965m#207.489#207.817
да;да;PART;_;_;_;_;_;@say1965m-words#@say1965m#215.974#216.202
/;/;PUNCT;_;_;_;_;_;@say1965m-words#@say1965m#216.202#216.43
но;но;CCONJ;_;_;_;_;_;@say1965m-words#@say1965m#216.43#216.658
мы;мы;PRON;_;Case=Nom|Number=Plur|Person=1;_;_;_;@say1965m-words#@say1965m#216.658#216.886
в;в;ADP;_;_;_;_;_;@say1965m-words#@say1965m#219.425#219.646
том;тот;DET;_;Case=Loc|Gender=Neut|Number=Sing;_;_;_;@say1965m-words#@say1965m#219.646#219.867
числе;число;NOUN;_;Animacy=Inan|Case=Loc|Gender=Neut|Number=Sing;_;_;_;@say1965m-words#@say1965m#219.867#220.088
вы;вы;PRON;_;Case=Nom|Number=Plur|Person=2;_;_;_;@say1965m-words#@say1965m#244.267#244.609
знаете;знать;VERB;_;Aspect=Imp|Mood=Ind|Number=Plur|Person=2|Tense=Pres|VerbForm=Fin|Voice=Act;_;_;_;@say1965m-words#@say1965m#244.609#244.951
/;/;PUNCT;_;_;_;_;_;@say1965m-words#@say1965m#244.951#245.293
они;они;PRON;_;Case=Nom|Number=Plur|Person=3;_;_;_;@say1965m-words#@say1965m#245.293#245.635
стараются;стараться;VERB;_;Aspect=Imp|Mood=Ind|Number=Plur|Person=3|Tense=Pres|VerbForm=Fin|Voice=Act;_;_;_;@say1965m-words#@say1965m#245.635#245.977
со;с;ADP;_;_;_;_;_;@say1965m-words#@say1965m#245.977#246.319
своей;свой;DET;_;Case=Gen|Gender=Fem|Number=Sing;_;_;_;@say1965m-words#@say1965m#246.319#246.661
стороны;сторона;NOUN;_;Animacy=Inan|Case=Gen|Gender=Fem|Number=Sing;_;_;_;@say1965m-words#@say1965m#246.661#247.003
на;на;ADP;_;_;_;_;_;@say1965m-words#@say1965m#247.003#247.345
самом;самый;ADJ;_;Case=Loc|Degree=Pos|Gender=Neut|Number=Sing;_;_;_;@say1965m-words#@say1965m#247.345#247.687
деле;дело;NOUN;_;Animacy=Inan|Case=Loc|Gender=Neut|Number=Sing;_;_;_;@say1965m-words#@say1965m#247.687#248.029
/;/;PUNCT;_;_;_;_;_;@say1965m-words#@say1965m#248.029#248.371
активно;активно;ADV;_;Degree=Pos;_;_;_;@say1965m-words#@say1965m#248.371#248.713
равивать;равивать;VERB;_;Aspect=Imp|VerbForm=Inf|Voice=Act;_;_;_;@say1965m-words#@say1965m#248.713#249.055
эти;этот;DET;_;Case=Nom|Number=Plur;_;_;_;@say1965m-words#@say1965m#249.055#249.397
/;/;PUNCT;_;_;_;_;_;@say1965m-words#@say1965m#249.397#249.748
компетенци;компетенция;NOUN;_;Animacy=Inan|Case=Acc|Gender=Fem|Number=Plur;_;_;_;@say1965m-words#@say1965m#249.801#250.147
/;/;PUNCT;_;_;_;_;_;@say1965m-words#@say1965m#250.147#250.493
и;и;CCONJ;_;_;_;_;_;@say1965m-words#@say1965m#250.493#250.839
создавать;создавать;VERB;_;Aspect=Imp|VerbForm=Inf|Voice=Act;_;_;_;@say1965m-words#@say1965m#250.898#251.326
команды;команда;NOUN;_;Animacy=Inan|Case=Acc|Gender=Fem|Number=Plur;_;_;_;@say1965m-words#@say1965m#251.326#251.754
которые;который;DET;_;Case=Nom|Number=Plur;_;_;_;@say1965m-words#@say1965m#251.754#252.182
занимаются;заниматься;VERB;_;Aspect=Imp|Mood=Ind|Number=Plur|Person=3|Tense=Pres|VerbForm=Fin|Voice=Act;_;_;_;@say1965m-words#@say1965m#252.182#252.61
этим;этот;DET;_;Case=Ins|Gender=Masc|Number=Sing;_;_;_;@say1965m-words#@say1965m#252.61#253.038
онлайном;онлайн;NOUN;_;Animacy=Inan|Case=Abl|Gender=Masc|Number=Sing;_;_;_;@say1965m-words#@say1965m#253.038#253.47
но;но;CCONJ;_;_;_;_;_;@say1965m-words#@say1965m#253.852#254.113
/;/;PUNCT;_;_;_;_;_;@say1965m-words#@say1965m#254.113#254.374
эээ;эээ;INTJ;_;_;_;_;_;@say1965m-words#@say1965m#254.374#254.635
к;к;ADP;_;_;_;_;_;@say1965m-words#@say1965m#254.635#254.896
большому;большой;ADJ;_;Case=Dat|Degree=Pos|Gender=Neut|Number=Sing;_;_;_;@say1965m-words#@say1965m#254.896#255.157
/;/;PUNCT;_;_;_;_;_;@say1965m-words#@say1965m#255.157#255.418
сожалению;сожаление;NOUN;_;Animacy=Inan|Case=Dat|Gender=Neut|Number=Sing;_;_;_;@say1965m-words#@say1965m#255.418#255.679
может;мочь;AUX;_;Aspect=Imp|Mood=Ind|Number=Sing|Person=3|Tense=Pres|VerbForm=Fin|Voice=Act;_;_;_;@say1965m-words#@say1965m#255.679#255.94
быть;быть;AUX;_;Aspect=Imp|VerbForm=Inf|Voice=Act;_;_;_;@say1965m-words#@say1965m#255.94#256.201
для;для;ADP;_;_;_;_;_;@say1965m-words#@say1965m#256.201#256.462
них;они;PRON;_;Case=Gen|Number=Plur|Person=3;_;_;_;@say1965m-words#@say1965m#256.462#256.723
/;/;PUNCT;_;_;_;_;_;@say1965m-words#@say1965m#256.723#256.984
это;это;DET;_;Case=Nom|Gender=Neut|Number=Sing;_;_;_;@say1965m-words#@say1965m#256.984#257.245
не;не;PART;_;Polarity=Neg;_;_;_;@say1965m-words#@say1965m#257.245#257.506
так;так;ADV;_;Degree=Pos;_;_;_;@say1965m-words#@say1965m#257.506#257.767
просто;просто;ADV;_;Degree=Pos;_;_;_;@say1965m-words#@say1965m#257.767#258.028
сделать;делать;VERB;_;Aspect=Perf|VerbForm=Inf|Voice=Act;_;_;_;@say1965m-words#@say1965m#258.028#258.289
то;то;SCONJ;_;_;_;_;_;@say1965m-words#@say1965m#258.289#258.55
есть;быть;VERB;_;Aspect=Imp|Mood=Ind|Number=Sing|Person=3|Tense=Pres|VerbForm=Fin|Voice=Act;_;_;_;@say1965m-words#@say1965m#258.55#258.811
это;это;DET;_;Case=Nom|Gender=Neut|Number=Sing;_;_;_;@say1965m-words#@say1965m#258.811#259.072
не;не;PART;_;Polarity=Neg;_;_;_;@say1965m-words#@say1965m#259.072#259.333
такой;такой;DET;_;Case=Nom|Gender=Masc|Number=Sing;_;_;_;@say1965m-words#@say1965m#259.333#259.594
простой;простой;ADJ;_;Case=Nom|Degree=Pos|Gender=Masc|Number=Sing;_;_;_;@say1965m-words#@say1965m#259.594#259.855
бизнес;бизнес;NOUN;_;Animacy=Inan|Case=Nom|Gender=Masc|Number=Sing;_;_;_;@say1965m-words#@say1965m#259.855#260.125
поэтому;поэтому;ADV;_;Degree=Pos;_;_;_;@say1965m-words#@say1965m#260.133#260.42
в;в;ADP;_;_;_;_;_;@say1965m-words#@say1965m#260.42#260.707
данном;данный;ADJ;_;Case=Loc|Degree=Pos|Gender=Masc|Number=Sing;_;_;_;@say1965m-words#@say1965m#260.707#260.994
случае;случай;NOUN;_;Animacy=Inan|Case=Loc|Gender=Masc|Number=Sing;_;_;_;@say1965m-words#@say1965m#260.994#261.284
ааа;ааа;INTJ;_;_;_;_;_;@say1965m-words#@say1965m#261.653#261.922
/;/;PUNCT;_;_;_;_;_;@say1965m-words#@say1965m#261.922#262.191
онлайн;онлайн;ADV;_;Degree=Pos;_;_;_;@say1965m-words#@say1965m#262.191#262.46
сервисы;сервис;NOUN;_;Animacy=Inan|Case=Nom|Gender=Masc|Number=Plur;_;_;_;@say1965m-words#@say1965m#262.46#262.729
на;на;ADP;_;_;_;_;_;@say1965m-words#@say1965m#262.729#262.998
некоторый;некоторый;DET;_;Case=Acc|Gender=Masc|Number=Sing;_;_;_;@say1965m-words#@say1965m#262.998#263.267
период;период;NOUN;_;Animacy=Inan|Case=Acc|Gender=Masc|Number=Sing;_;_;_;@say1965m-words#@say1965m#263.267#263.536
времени;время;NOUN;_;Animacy=Inan|Case=Gen|Gender=Neut|Number=Sing;_;_;_;@say1965m-words#@say1965m#263.536#263.805
я;я;PRON;_;Case=Nom|Number=Sing|Person=1;_;_;_;@say1965m-words#@say1965m#263.805#264.074
бы;бы;PART;_;_;_;_;_;@say1965m-words#@say1965m#264.074#264.343
сказал;сказать;VERB;_;Aspect=Perf|Gender=Masc|Mood=Ind|Number=Sing|Tense=Past|VerbForm=Fin|Voice=Act;_;_;_;@say1965m-words#@say1965m#264.343#264.612
бы;бы;PART;_;_;_;_;_;@say1965m-words#@say1965m#264.612#264.881
даже;даже;PART;_;_;_;_;_;@say1965m-words#@say1965m#264.881#265.15
вырвались;вырваться;VERB;_;Aspect=Perf|Mood=Ind|Number=Plur|Tense=Past|VerbForm=Fin|Voice=Act;_;_;_;@say1965m-words#@say1965m#265.15#265.419
вперед;вперед;ADV;_;Degree=Pos;_;_;_;@say1965m-words#@say1965m#265.419#265.688
с;с;ADP;_;_;_;_;_;@say1965m-words#@say1965m#265.75#266.027
точки;точка;NOUN;_;Animacy=Inan|Case=Gen|Gender=Fem|Number=Sing;_;_;_;@say1965m-words#@say1965m#266.027#266.304
зрения;зрение;NOUN;_;Animacy=Inan|Case=Gen|Gender=Neut|Number=Sing;_;_;_;@say1965m-words#@say1965m#266.304#266.581
/;/;PUNCT;_;_;_;_;_;@say1965m-words#@say1965m#266.581#266.858
качества;качество;NOUN;_;Animacy=Inan|Case=Gen|Gender=Neut|Number=Sing;_;_;_;@say1965m-words#@say1965m#266.858#267.135
продукта;продукт;NOUN;_;Animacy=Inan|Case=Gen|Gender=Masc|Number=Sing;_;_;_;@say1965m-words#@say1965m#267.135#267.412
/;/;PUNCT;_;_;_;_;_;@say1965m-words#@say1965m#267.412#267.689
с;с;ADP;_;_;_;_;_;@say1965m-words#@say1965m#267.689#267.966
точки;точка;NOUN;_;Animacy=Inan|Case=Gen|Gender=Fem|Number=Sing;_;_;_;@say1965m-words#@say1965m#267.966#268.243
зрения;зрение;NOUN;_;Animacy=Inan|Case=Gen|Gender=Neut|Number=Sing;_;_;_;@say1965m-words#@say1965m#268.243#268.52
удобства;удобство;NOUN;_;Animacy=Inan|Case=Gen|Gender=Neut|Number=Sing;_;_;_;@say1965m-words#@say1965m#268.52#268.797
для;для;ADP;_;_;_;_;_;@say1965m-words#@say1965m#268.797#269.074
пользователей;пользователь;NOUN;_;Animacy=Anim|Case=Gen|Gender=Masc|Number=Plur;_;_;_;@say1965m-words#@say1965m#269.074#269.351
/;/;PUNCT;_;_;_;_;_;@say1965m-words#@say1965m#269.351#269.628
ну;ну;PART;_;_;_;_;_;@say1965m-words#@say1965m#269.628#269.905
и;и;CCONJ;_;_;_;_;_;@say1965m-words#@say1965m#269.905#270.182
плюс;плюс;NOUN;_;Animacy=Inan|Case=Nom|Gender=Masc|Number=Sing;_;_;_;@say1965m-words#@say1965m#270.182#270.459
ко;к;ADP;_;_;_;_;_;@say1965m-words#@say1965m#270.459#270.736
всему;все;DET;_;Case=Dat|Gender=Neut|Number=Sing;_;_;_;@say1965m-words#@say1965m#270.736#271.013
/;/;PUNCT;_;_;_;_;_;@say1965m-words#@say1965m#271.013#271.29
многие;много;DET;_;Case=Nom|Number=Plur;_;_;_;@say1965m-words#@say1965m#271.29#271.567
из;из;ADP;_;_;_;_;_;@say1965m-words#@say1965m#271.567#271.844
них;они;PRON;_;Case=Gen|Number=Plur|Person=3;_;_;_;@say1965m-words#@say1965m#271.844#272.121
они;они;PRON;_;Case=Nom|Number=Plur|Person=3;_;_;_;@say1965m-words#@say1965m#272.121#272.398
выросли;вырасти;VERB;_;Aspect=Perf|Mood=Ind|Number=Plur|Tense=Past|VerbForm=Fin|Voice=Act;_;_;_;@say1965m-words#@say1965m#272.398#272.675
они;они;PRON;_;Case=Nom|Number=Plur|Person=3;_;_;_;@say1965m-words#@say1965m#272.675#272.952
из;из;ADP;_;_;_;_;_;@say1965m-words#@say1965m#272.952#273.229
интернет;интернет;NOUN;_;Animacy=Inan|Case=Gen|Gender=Masc|Number=Sing;_;_;_;@say1965m-words#@say1965m#273.229#273.506
бизнесов;бизнес;NOUN;_;Animacy=Inan|Case=Gen|Gender=Masc|Number=Plur;_;_;_;@say1965m-words#@say1965m#273.506#273.783
ааа;ааа;INTJ;_;_;_;_;_;@say1965m-words#@say1965m#273.783#274.06
это;это;DET;_;Case=Nom|Gender=Neut|Number=Sing;_;_;_;@say1965m-words#@say1965m#274.06#274.337
означает;означать;VERB;_;Aspect=Imp|Mood=Ind|Number=Sing|Person=3|Tense=Pres|VerbForm=Fin|Voice=Act;_;_;_;@say1965m-words#@say1965m#274.337#274.614
на;на;ADP;_;_;_;_;_;@say1965m-words#@say1965m#274.614#274.891
самом;самый;ADJ;_;Case=Loc|Degree=Pos|Gender=Neut|Number=Sing;_;_;_;@say1965m-words#@say1965m#274.891#275.168
деле;дело;NOUN;_;Animacy=Inan|Case=Loc|Gender=Neut|Number=Sing;_;_;_;@say1965m-words#@say1965m#275.168#275.445
что;что;SCONJ;_;_;_;_;_;@say1965m-words#@say1965m#275.445#275.722
/;/;PUNCT;_;_;_;_;_;@say1965m-words#@say1965m#275.722#275.999
они;они;PRON;_;Case=Nom|Number=Plur|Person=3;_;_;_;@say1965m-words#@say1965m#275.999#276.276
прекрасно;прекрасно;ADV;_;Degree=Pos;_;_;_;@say1965m-words#@say1965m#276.276#276.553
знают;знать;VERB;_;Aspect=Imp|Mood=Ind|Number=Plur|Person=3|Tense=Pres|VerbForm=Fin|Voice=Act;_;_;_;@say1965m-words#@say1965m#276.553#276.83
каким;какой;DET;_;Case=Ins|Gender=Masc|Number=Sing;_;_;_;@say1965m-words#@say1965m#276.83#277.107
образом;образ;NOUN;_;Animacy=Inan|Case=Ins|Gender=Masc|Number=Sing;_;_;_;@say1965m-words#@say1965m#277.107#277.384
привести;привести;VERB;_;Aspect=Perf|VerbForm=Inf|Voice=Act;_;_;_;@say1965m-words#@say1965m#277.384#277.661
аудиторию;аудитория;NOUN;_;Animacy=Inan|Case=Acc|Gender=Fem|Number=Sing;_;_;_;@say1965m-words#@say1965m#277.661#277.938
/;/;PUNCT;_;_;_;_;_;@say1965m-words#@say1965m#277.938#278.215
каким;какой;DET;_;Case=Ins|Gender=Masc|Number=Sing;_;_;_;@say1965m-words#@say1965m#278.215#278.492
образом;образ;NOUN;_;Animacy=Inan|Case=Ins|Gender=Masc|Number=Sing;_;_;_;@say1965m-words#@say1965m#278.492#278.769
ее;она;PRON;_;Case=Acc|Gender=Fem|Number=Sing|Person=3;_;_;_;@say1965m-words#@say1965m#278.769#279.046
удержать;удержать;VERB;_;Aspect=Perf|VerbForm=Inf|Voice=Act;_;_;_;@say1965m-words#@say1965m#279.046#279.323
эту;этот;DET;_;Case=Acc|Gender=Fem|Number=Sing;_;_;_;@say1965m-words#@say1965m#279.323#279.6
аудиторию;аудитория;NOUN;_;Animacy=Inan|Case=Acc|Gender=Fem|Number=Sing;_;_;_;@say1965m-words#@say1965m#279.6#279.877
/;/;PUNCT;_;_;_;_;_;@say1965m-words#@say1965m#279.877#280.154
и;и;CCONJ;_;_;_;_;_;@say1965m-words#@say1965m#280.154#280.431
как;как;ADV;_;Degree=Pos;_;_;_;@say1965m-words#@say1965m#280.431#280.708
наиболее;наибольший;ADJ;_;Degree=Cmp;_;_;_;@say1965m-words#@say1965m#280.708#280.985
эффективно;эффективный;ADJ;_;Degree=Pos|Gender=Neut|Number=Sing|Variant=Short;_;_;_;@say1965m-words#@say1965m#280.985#281.262
с;с;ADP;_;_;_;_;_;@say1965m-words#@say1965m#281.262#281.539
ней;она;PRON;_;Case=Ins|Gender=Fem|Number=Sing|Person=3;_;_;_;@say1965m-words#@say1965m#281.539#281.816
работать;работать;VERB;_;Aspect=Imp|VerbForm=Inf|Voice=Act;_;_;_;@say1965m-words#@say1965m#281.816#282.093
в;в;ADP;_;_;_;_;_;@say1965m-words#@say1965m#282.093#282.37
интернете;интернет;NOUN;_;Animacy=Inan|Case=Loc|Gender=Masc|Number=Sing;_;_;_;@say1965m-words#@say1965m#282.37#282.693
вот;вот;INTJ;_;_;_;_;_;@say1965m-words#@say1965m#283.052#283.296
но;но;CCONJ;_;_;_;_;_;@say1965m-words#@say1965m#283.296#283.54
/;/;PUNCT;_;_;_;_;_;@say1965m-words#@say1965m#283.54#283.784
возвращаясь;возвращаться;VERB;_;Aspect=Imp|Tense=Pres|VerbForm=Conv|Voice=Act;_;_;_;@say1965m-words#@say1965m#283.784#284.028
опять;опять;ADV;_;Degree=Pos;_;_;_;@say1965m-words#@say1965m#284.028#284.272
же;же;PART;_;_;_;_;_;@say1965m-words#@say1965m#284.272#284.517
к;к;ADP;_;_;_;_;_;@say1965m-words#@say1965m#284.563#284.875
/;/;PUNCT;_;_;_;_;_;@say1965m-words#@say1965m#284.875#285.187
эээ;эээ;INTJ;_;_;_;_;_;@say1965m-words#@say1965m#285.187#285.499
первому;первый;NUM;_;Case=Dat|Degree=Pos|Gender=Masc|Number=Sing;_;_;_;@say1965m-words#@say1965m#285.499#285.811
вопросу;вопрос;NOUN;_;Animacy=Inan|Case=Dat|Gender=Masc|Number=Sing;_;_;_;@say1965m-words#@say1965m#285.811#286.123
с;с;ADP;_;_;_;_;_;@say1965m-words#@say1965m#286.123#286.435
точки;точка;NOUN;_;Animacy=Inan|Case=Gen|Gender=Fem|Number=Sing;_;_;_;@say1965m-words#@say1965m#286.435#286.747
зрения;зрение;NOUN;_;Animacy=Inan|Case=Gen|Gender=Neut|Number=Sing;_;_;_;@say1965m-words#@say1965m#286.747#287.059
/;/;PUNCT;_;_;_;_;_;@say1965m-words#@say1965m#287.059#287.371
ааа;ааа;INTJ;_;_;_;_;_;@say1965m-words#@say1965m#287.371#287.683
роста;рост;NOUN;_;Animacy=Inan|Case=Gen|Gender=Masc|Number=Sing;_;_;_;@say1965m-words#@say1965m#287.683#287.995
вот;вот;PART;_;_;_;_;_;@say1965m-words#@say1965m#287.995#288.307
именно;именно;PART;_;_;_;_;_;@say1965m-words#@say1965m#288.307#288.619
онлайн;онлайн;ADV;_;Degree=Pos;_;_;_;@say1965m-words#@say1965m#288.619#288.931
продаж;продажа;NOUN;_;Animacy=Inan|Case=Gen|Gender=Fem|Number=Plur;_;_;_;@say1965m-words#@say1965m#288.931#289.253
в;в;ADP;_;_;_;_;_;@say1965m-words#@say1965m#289.633#289.87
целом;целое;NOUN;_;Animacy=Inan|Case=Loc|Gender=Neut|Number=Sing;_;_;_;@say1965m-words#@say1965m#289.87#290.107
вот;вот;PART;_;_;_;_;_;@say1965m-words#@say1965m#290.107#290.344
в;в;ADP;_;_;_;_;_;@say1965m-words#@say1965m#290.344#290.581
этом;этот;DET;_;Case=Loc|Gender=Masc|Number=Sing;_;_;_;@say1965m-words#@say1965m#290.581#290.818
году;год;NOUN;_;Animacy=Inan|Case=Loc|Gender=Masc|Number=Sing;_;_;_;@say1965m-words#@say1965m#290.818#291.056
ааа;ааа;INTJ;_;_;_;_;_;@say1965m-words#@say1965m#291.476#291.769
/;/;PUNCT;_;_;_;_;_;@say1965m-words#@say1965m#291.769#292.062
из-за;из-за;ADP;_;_;_;_;_;@say1965m-words#@say1965m#292.062#292.355
тяжелой;тяжелый;ADJ;_;Case=Ins|Degree=Pos|Gender=Fem|Number=Sing;_;_;_;@say1965m-words#@say1965m#292.355#292.648
на;на;ADP;_;_;_;_;_;@say1965m-words#@say1965m#292.648#292.941
самом;самый;ADJ;_;Case=Loc|Degree=Pos|Gender=Neut|Number=Sing;_;_;_;@say1965m-words#@say1965m#292.941#293.234
деле;дело;NOUN;_;Animacy=Inan|Case=Loc|Gender=Neut|Number=Sing;_;_;_;@say1965m-words#@say1965m#293.234#293.527
вот;вот;PART;_;_;_;_;_;@say1965m-words#@say1965m#293.527#293.82
такой;такой;DET;_;Case=Gen|Gender=Fem|Number=Sing;_;_;_;@say1965m-words#@say1965m#293.82#294.113
ситуации;ситуация;NOUN;_;Animacy=Inan|Case=Gen|Gender=Fem|Number=Sing;_;_;_;@say1965m-words#@say1965m#294.113#294.406
в;в;ADP;_;_;_;_;_;@say1965m-words#@say1965m#294.406#294.699
/;/;PUNCT;_;_;_;_;_;@say1965m-words#@say1965m#294.699#294.992
экономике;экономика;NOUN;_;Animacy=Inan|Case=Loc|Gender=Fem|Number=Sing;_;_;_;@say1965m-words#@say1965m#294.992#295.285
политической;политический;ADJ;_;Case=Gen|Degree=Pos|Gender=Fem|Number=Sing;_;_;_;@say1965m-words#@say1965m#295.285#295.578
ситуации;ситуация;NOUN;_;Animacy=Inan|Case=Gen|Gender=Fem|Number=Sing;_;_;_;@say1965m-words#@say1965m#295.578#295.871
и;и;CCONJ;_;_;_;_;_;@say1965m-words#@say1965m#295.871#296.164
так;так;ADV;_;Degree=Pos;_;_;_;@say1965m-words#@say1965m#296.164#296.457
далее;далее;ADV;_;Degree=Pos;_;_;_;@say1965m-words#@say1965m#296.457#296.761
мы;мы;PRON;_;Case=Nom|Number=Plur|Person=1;_;_;_;@say1965m-words#@say1965m#296.976#297.256
прогнозируем;прогнозировать;VERB;_;Aspect=Imp|Mood=Ind|Number=Plur|Person=1|Tense=Pres|VerbForm=Fin|Voice=Act;_;_;_;@say1965m-words#@say1965m#297.256#297.536
что;что;SCONJ;_;_;_;_;_;@say1965m-words#@say1965m#297.536#297.816
/;/;PUNCT;_;_;_;_;_;@say1965m-words#@say1965m#297.816#298.096
эээ;эээ;INTJ;_;_;_;_;_;@say1965m-words#@say1965m#298.096#298.376
роста;рост;NOUN;_;Animacy=Inan|Case=Gen|Gender=Masc|Number=Sing;_;_;_;@say1965m-words#@say1965m#298.376#298.656
глобально;глобально;ADV;_;Degree=Pos;_;_;_;@say1965m-words#@say1965m#298.656#298.936
/;/;PUNCT;_;_;_;_;_;@say1965m-words#@say1965m#298.936#299.216
рынка;рынок;NOUN;_;Animacy=Inan|Case=Gen|Gender=Masc|Number=Sing;_;_;_;@say1965m-words#@say1965m#299.216#299.496
самого;сам;PRON;_;Case=Gen|Gender=Masc|Number=Sing;_;_;_;@say1965m-words#@say1965m#299.496#299.776
виабилетов;авиабилет;NOUN;_;Animacy=Inan|Case=Gen|Gender=Masc|Number=Plur;_;_;_;@say1965m-words#@say1965m#299.776#300.056
не;не;PART;_;Polarity=Neg;_;_;_;@say1965m-words#@say1965m#300.056#300.336
будет;быть;AUX;_;Aspect=Imp|Mood=Ind|Number=Sing|Person=3|Tense=Pres|VerbForm=Fin|Voice=Act;_;_;_;@say1965m-words#@say1965m#300.336#300.616
он;он;PRON;_;Case=Nom|Gender=Masc|Number=Sing|Person=3;_;_;_;@say1965m-words#@say1965m#300.616#300.896
будет;быть;AUX;_;Aspect=Imp|Mood=Ind|Number=Sing|Person=3|Tense=Pres|VerbForm=Fin|Voice=Act;_;_;_;@say1965m-words#@say1965m#300.896#301.176
он;он;PRON;_;Case=Nom|Gender=Masc|Number=Sing|Person=3;_;_;_;@say1965m-words#@say1965m#301.176#301.456
будет;быть;AUX;_;Aspect=Imp|Mood=Ind|Number=Sing|Person=3|Tense=Pres|VerbForm=Fin|Voice=Act;_;_;_;@say1965m-words#@say1965m#301.456#301.736
где-то;где-то;ADV;_;Degree=Pos;_;_;_;@say1965m-words#@say1965m#301.736#302.016
в;в;ADP;_;_;_;_;_;@say1965m-words#@say1965m#302.016#302.296
нуле;ноль;NOUN;_;Animacy=Inan|Case=Loc|Gender=Masc|Number=Sing;_;_;_;@say1965m-words#@say1965m#302.296#302.576
плюс;плюс;NOUN;_;Animacy=Inan|Case=Nom|Gender=Masc|Number=Sing;_;_;_;@say1965m-words#@say1965m#302.576#302.856
минус;минус;NOUN;_;Animacy=Inan|Case=Nom|Gender=Masc|Number=Sing;_;_;_;@say1965m-words#@say1965m#302.856#303.136
колебаться;колебаться;VERB;_;Aspect=Imp|VerbForm=Inf|Voice=Act;_;_;_;@say1965m-words#@say1965m#303.136#303.428
но;но;CCONJ;_;_;_;_;_;@say1965m-words#@say1965m#303.607#303.887
тем;то;PRON;_;Case=Dat|Number=Plur;_;_;_;@say1965m-words#@say1965m#303.887#304.167
не;не;PART;_;Polarity=Neg;_;_;_;@say1965m-words#@say1965m#304.167#304.447
менее;менее;ADV;_;Degree=Cmp;_;_;_;@say1965m-words#@say1965m#304.447#304.727
онлайн;онлайн;ADJ;_;_;_;_;_;@say1965m-words#@say1965m#304.727#305.007
/;/;PUNCT;_;_;_;_;_;@say1965m-words#@say1965m#305.007#305.287
сам;сам;PRON;_;Case=Nom|Gender=Masc|Number=Sing;_;_;_;@say1965m-words#@say1965m#305.287#305.567
/;/;PUNCT;_;_;_;_;_;@say1965m-words#@say1965m#305.567#305.847
то;то;SCONJ;_;_;_;_;_;@say1965m-words#@say1965m#305.847#306.127
есть;быть;VERB;_;Aspect=Imp|Mood=Ind|Number=Sing|Person=3|Tense=Pres|VerbForm=Fin|Voice=Act;_;_;_;@say1965m-words#@say1965m#306.127#306.407
/;/;PUNCT;_;_;_;_;_;@say1965m-words#@say1965m#306.407#306.687
он;он;PRON;_;Case=Nom|Gender=Masc|Number=Sing|Person=3;_;_;_;@say1965m-words#@say1965m#306.687#306.967
как;как;SCONJ;_;_;_;_;_;@say1965m-words#@say1965m#306.967#307.247
минимум;минимум;NOUN;_;Animacy=Inan|Case=Acc|Gender=Masc|Number=Sing;_;_;_;@say1965m-words#@say1965m#307.247#307.527
прирастет;прирасти;VERB;_;Aspect=Imp|Mood=Ind|Number=Sing|Person=3|Tense=Pres|VerbForm=Fin|Voice=Act;_;_;_;@say1965m-words#@say1965m#307.527#307.807
ну;ну;PART;_;_;_;_;_;@say1965m-words#@say1965m#307.807#308.087
наверное;наверное;ADV;_;Degree=Pos;_;_;_;@say1965m-words#@say1965m#308.087#308.367
процентов;процент;NOUN;_;Animacy=Inan|Case=Gen|Gender=Masc|Number=Plur;_;_;_;@say1965m-words#@say1965m#308.367#308.647
на;на;ADP;_;_;_;_;_;@say1965m-words#@say1965m#308.647#308.927
двадцать;двадцать;NUM;_;Case=Acc;_;_;_;@say1965m-words#@say1965m#308.927#309.207
пять;пять;NUM;_;Case=Acc;_;_;_;@say1965m-words#@say1965m#309.207#309.487
дридцать;тридцать;NUM;_;Case=Acc;_;_;_;@say1965m-words#@say1965m#309.487#309.785
это;это;DET;_;Case=Acc|Gender=Neut|Number=Sing;_;_;_;@say1965m-words#@say1965m#309.821#310.156
в;в;ADP;_;_;_;_;_;@say1965m-words#@say1965m#310.156#310.491
минимуме;минимум;NOUN;_;Animacy=Inan|Case=Loc|Gender=Masc|Number=Sing;_;_;_;@say1965m-words#@say1965m#310.491#310.826
потому;потому;ADV;_;Degree=Pos;_;_;_;@say1965m-words#@say1965m#310.826#311.161
что;что;SCONJ;_;_;_;_;_;@say1965m-words#@say1965m#311.161#311.499
ааа;ааа;INTJ;_;_;_;_;_;@say1965m-words#@say1965m#312.011#312.328
вот;вот;PART;_;_;_;_;_;@say1965m-words#@say1965m#312.328#312.645
этот;этот;DET;_;Case=Acc|Gender=Masc|Number=Sing;_;_;_;@say1965m-words#@say1965m#312.645#312.962
вот;вот;PART;_;_;_;_;_;@say1965m-words#@say1965m#312.962#313.279
переток;переток;NOUN;_;Animacy=Inan|Case=Acc|Gender=Masc|Number=Sing;_;_;_;@say1965m-words#@say1965m#313.279#313.596
который;который;DET;_;Case=Nom|Gender=Masc|Number=Sing;_;_;_;@say1965m-words#@say1965m#313.596#313.913
мы;мы;PRON;_;Case=Nom|Number=Plur|Person=1;_;_;_;@say1965m-words#@say1965m#313.913#314.23
наблюдаем;наблюдать;VERB;_;Aspect=Imp|Mood=Ind|Number=Plur|Person=1|Tense=Pres|VerbForm=Fin|Voice=Act;_;_;_;@say1965m-words#@say1965m#314.23#314.547
и;и;CCONJ;_;_;_;_;_;@say1965m-words#@say1965m#314.547#314.864
видим;видеть;VERB;_;Aspect=Imp|Mood=Ind|Number=Plur|Person=1|Tense=Pres|VerbForm=Fin|Voice=Act;_;_;_;@say1965m-words#@say1965m#314.864#315.181
/;/;PUNCT;_;_;_;_;_;@say1965m-words#@say1965m#315.181#315.498
то;то;SCONJ;_;_;_;_;_;@say1965m-words#@say1965m#315.498#315.815
что;что;SCONJ;_;_;_;_;_;@say1965m-words#@say1965m#315.815#316.132
/;/;PUNCT;_;_;_;_;_;@say1965m-words#@say1965m#316.132#316.449
оффлайн;оффлайн;ADV;_;Degree=Pos;_;_;_;@say1965m-words#@say1965m#316.449#316.766
агенства;агенство;NOUN;_;Animacy=Inan|Case=Gen|Gender=Neut|Number=Sing;_;_;_;@say1965m-words#@say1965m#316.766#317.083
они;они;PRON;_;Case=Nom|Number=Plur|Person=3;_;_;_;@say1965m-words#@say1965m#317.083#317.4
реально;реально;ADV;_;Degree=Pos;_;_;_;@say1965m-words#@say1965m#317.4#317.717
начинают;начинать;VERB;_;Aspect=Imp|Mood=Ind|Number=Plur|Person=3|Tense=Pres|VerbForm=Fin|Voice=Act;_;_;_;@say1965m-words#@say1965m#317.717#318.034
проигрывать;проигрывать;VERB;_;Aspect=Imp|VerbForm=Inf|Voice=Act;_;_;_;@say1965m-words#@say1965m#318.034#318.351
/;/;PUNCT;_;_;_;_;_;@say1965m-words#@say1965m#318.351#318.668
ааа;ааа;INTJ;_;_;_;_;_;@say1965m-words#@say1965m#318.668#318.985
онлайн;онлайн;ADV;_;Degree=Pos;_;_;_;@say1965m-words#@say1965m#318.985#319.302
агенства;агенство;NOUN;_;Animacy=Inan|Case=Gen|Gender=Neut|Number=Sing;_;_;_;@say1965m-words#@say1965m#319.302#319.619
пока;пока;INTJ;_;_;_;_;_;@say1965m-words#@say1965m#319.619#319.936
/;/;PUNCT;_;_;_;_;_;@say1965m-words#@say1965m#319.936#320.253
за счет;за счет;ADV;_;_;_;_;_;@say1965m-words#@say1965m#320.253#320.57
вот;вот;PART;_;_;_;_;_;@say1965m-words#@say1965m#320.57#320.887
этого;этот;DET;_;Case=Gen|Gender=Masc|Number=Sing;_;_;_;@say1965m-words#@say1965m#320.887#321.204
перетока;переток;NOUN;_;Animacy=Inan|Case=Gen|Gender=Masc|Number=Sing;_;_;_;@say1965m-words#@say1965m#321.204#321.521
/;/;PUNCT;_;_;_;_;_;@say1965m-words#@say1965m#321.521#321.838
чувствуют;чувствовать;VERB;_;Aspect=Imp|Mood=Ind|Number=Plur|Person=3|Tense=Pres|VerbForm=Fin|Voice=Act;_;_;_;@say1965m-words#@say1965m#321.838#322.155
себя;себя;PRON;_;Case=Acc;_;_;_;@say1965m-words#@say1965m#322.155#322.472
достаточно;достаточно;ADV;_;Degree=Pos;_;_;_;@say1965m-words#@say1965m#322.472#322.789
комфортно;комфортно;ADV;_;Degree=Pos;_;_;_;@say1965m-words#@say1965m#322.789#323.111
здесь;здесь;ADV;_;Degree=Pos;_;_;_;@say1965m-words#@say1965m#339.98#340.4
есть;быть;VERB;_;Aspect=Imp|Mood=Ind|Number=Sing|Person=3|Tense=Pres|VerbForm=Fin|Voice=Act;_;_;_;@say1965m-words#@say1965m#340.4#340.82
определенная;определенный;ADJ;_;Case=Nom|Degree=Pos|Gender=Fem|Number=Sing;_;_;_;@say1965m-words#@say1965m#340.82#341.24
сложность;сложность;NOUN;_;Animacy=Inan|Case=Nom|Gender=Fem|Number=Sing;_;_;_;@say1965m-words#@say1965m#341.26#341.514
связана;связать;VERB;_;Aspect=Perf|Gender=Fem|Number=Sing|Tense=Past|Variant=Short|VerbForm=Part|Voice=Pass;_;_;_;@say1965m-words#@say1965m#341.514#341.768
она;она;PRON;_;Case=Nom|Gender=Fem|Number=Sing|Person=3;_;_;_;@say1965m-words#@say1965m#341.768#342.022
в;в;ADP;_;_;_;_;_;@say1965m-words#@say1965m#342.022#342.276
большей;больший;ADJ;_;Case=Loc|Degree=Cmp|Gender=Fem|Number=Sing;_;_;_;@say1965m-words#@say1965m#342.276#342.53
степени;степень;NOUN;_;Animacy=Inan|Case=Loc|Gender=Fem|Number=Sing;_;_;_;@say1965m-words#@say1965m#342.53#342.784
с;с;ADP;_;_;_;_;_;@say1965m-words#@say1965m#342.784#343.038
тем;то;SCONJ;_;_;_;_;_;@say1965m-words#@say1965m#343.038#343.292
что;что;SCONJ;_;_;_;_;_;@say1965m-words#@say1965m#343.292#343.546
рынок;рынок;NOUN;_;Animacy=Inan|Case=Nom|Gender=Masc|Number=Sing;_;_;_;@say1965m-words#@say1965m#343.546#343.8
закрытый;закрыть;VERB;_;Aspect=Perf|Case=Nom|Gender=Masc|Number=Sing|Tense=Past|VerbForm=Part|Voice=Pass;_;_;_;@say1965m-words#@say1965m#343.8#344.054
с;с;ADP;_;_;_;_;_;@say1965m-words#@say1965m#344.054#344.308
точки;точка;NOUN;_;Animacy=Inan|Case=Gen|Gender=Fem|Number=Sing;_;_;_;@say1965m-words#@say1965m#344.308#344.562
зрения;зрение;NOUN;_;Animacy=Inan|Case=Gen|Gender=Neut|Number=Sing;_;_;_;@say1965m-words#@say1965m#344.562#344.82
цифр;цифра;NOUN;_;Animacy=Inan|Case=Gen|Gender=Fem|Number=Plur;_;_;_;@say1965m-words#@say1965m#344.88#345.3
то;то;SCONJ;_;_;_;_;_;@say1965m-words#@say1965m#345.6#345.958
есть;быть;VERB;_;Aspect=Imp|Mood=Ind|Number=Sing|Person=3|Tense=Pres|VerbForm=Fin|Voice=Act;_;_;_;@say1965m-words#@say1965m#345.958#346.316
эээ;эээ;INTJ;_;_;_;_;_;@say1965m-words#@say1965m#346.316#346.674
глобально;глобально;ADV;_;Degree=Pos;_;_;_;@say1965m-words#@say1965m#346.674#347.032
общие;общий;ADJ;_;Case=Nom|Degree=Pos|Number=Plur;_;_;_;@say1965m-words#@say1965m#347.032#347.39
объемы;объем;NOUN;_;Animacy=Inan|Case=Nom|Gender=Masc|Number=Plur;_;_;_;@say1965m-words#@say1965m#347.39#347.748
пределить;пределить;VERB;_;Aspect=Perf|VerbForm=Inf|Voice=Act;_;_;_;@say1965m-words#@say1965m#347.748#348.106
можно;можно;PRED;_;Degree=Pos;_;_;_;@say1965m-words#@say1965m#348.106#348.464
/;/;PUNCT;_;_;_;_;_;@say1965m-words#@say1965m#348.464#348.822
как;как;SCONJ;_;_;_;_;_;@say1965m-words#@say1965m#348.822#349.18
он;он;PRON;_;Case=Nom|Gender=Masc|Number=Sing|Person=3;_;_;_;@say1965m-words#@say1965m#349.18#349.538
распределяется;распределяться;VERB;_;Aspect=Imp|Mood=Ind|Number=Sing|Person=3|Tense=Pres|VerbForm=Fin|Voice=Pass;_;_;_;@say1965m-words#@say1965m#349.538#349.896
по;по;ADP;_;_;_;_;_;@say1965m-words#@say1965m#349.896#350.254
агенствам;агенство;NOUN;_;Animacy=Inan|Case=Dat|Gender=Neut|Number=Plur;_;_;_;@say1965m-words#@say1965m#350.254#350.612
с;с;ADP;_;_;_;_;_;@say1965m-words#@say1965m#350.612#350.98
учетом;учет;NOUN;_;Animacy=Inan|Case=Ins|Gender=Masc|Number=Sing;_;_;_;@say1965m-words#@say1965m#351.04#351.39
того;то;PRON;_;Case=Gen|Gender=Neut|Number=Sing;_;_;_;@say1965m-words#@say1965m#351.39#351.74
что;что;SCONJ;_;_;_;_;_;@say1965m-words#@say1965m#351.74#352.09
есть;быть;VERB;_;Aspect=Imp|Mood=Ind|Number=Sing|Person=3|Tense=Pres|VerbForm=Fin|Voice=Act;_;_;_;@say1965m-words#@say1965m#352.09#352.44
возможность;возможность;NOUN;_;Animacy=Inan|Case=Nom|Gender=Fem|Number=Sing;_;_;_;@say1965m-words#@say1965m#352.44#352.79
у;у;ADP;_;_;_;_;_;@say1965m-words#@say1965m#352.79#353.14
агенства;агенство;NOUN;_;Animacy=Inan|Case=Gen|Gender=Neut|Number=Sing;_;_;_;@say1965m-words#@say1965m#353.14#353.49
выписывать;выписывать;VERB;_;Aspect=Imp|VerbForm=Inf|Voice=Act;_;_;_;@say1965m-words#@say1965m#353.49#353.84
ааа;ааа;INTJ;_;_;_;_;_;@say1965m-words#@say1965m#354.28#354.555
в;в;ADP;_;_;_;_;_;@say1965m-words#@say1965m#354.555#354.83
разных;разный;ADJ;_;Case=Loc|Degree=Pos|Number=Plur;_;_;_;@say1965m-words#@say1965m#354.83#355.105
местах;место;NOUN;_;Animacy=Inan|Case=Loc|Gender=Neut|Number=Plur;_;_;_;@say1965m-words#@say1965m#355.105#355.38
/;/;PUNCT;_;_;_;_;_;@say1965m-words#@say1965m#355.38#355.655
то;то;SCONJ;_;_;_;_;_;@say1965m-words#@say1965m#355.655#355.93
есть;быть;VERB;_;Aspect=Imp|Mood=Ind|Number=Sing|Person=3|Tense=Pres|VerbForm=Fin|Voice=Act;_;_;_;@say1965m-words#@say1965m#355.93#356.205
сейчас;сейчас;ADV;_;Degree=Pos;_;_;_;@say1965m-words#@say1965m#356.205#356.48
для;для;ADP;_;_;_;_;_;@say1965m-words#@say1965m#356.48#356.755
удобства;удобство;NOUN;_;Animacy=Inan|Case=Gen|Gender=Neut|Number=Sing;_;_;_;@say1965m-words#@say1965m#356.755#357.03
пользования;пользование;NOUN;_;Animacy=Inan|Case=Gen|Gender=Neut|Number=Sing;_;_;_;@say1965m-words#@say1965m#357.03#357.305
/;/;PUNCT;_;_;_;_;_;@say1965m-words#@say1965m#357.305#357.58
для;для;ADP;_;_;_;_;_;@say1965m-words#@say1965m#357.58#357.855
того;то;PRON;_;Case=Gen|Gender=Neut|Number=Sing;_;_;_;@say1965m-words#@say1965m#357.855#358.13
чтоб;чтобы;SCONJ;_;_;_;_;_;@say1965m-words#@say1965m#358.13#358.405
найти;найти;VERB;_;Aspect=Perf|VerbForm=Inf|Voice=Act;_;_;_;@say1965m-words#@say1965m#358.405#358.68
наиболее;наибольший;ADJ;_;Degree=Sup;_;_;_;@say1965m-words#@say1965m#358.68#358.955
дешевый;дешевый;ADJ;_;Case=Nom|Degree=Pos|Gender=Masc|Number=Sing;_;_;_;@say1965m-words#@say1965m#358.955#359.23
тариф;тариф;NOUN;_;Animacy=Inan|Case=Acc|Gender=Masc|Number=Sing;_;_;_;@say1965m-words#@say1965m#359.23#359.505
/;/;PUNCT;_;_;_;_;_;@say1965m-words#@say1965m#359.505#359.78
очень;очень;ADV;_;Degree=Pos;_;_;_;@say1965m-words#@say1965m#359.78#360.055
часто;часто;ADV;_;Degree=Pos;_;_;_;@say1965m-words#@say1965m#360.055#360.33
/;/;PUNCT;_;_;_;_;_;@say1965m-words#@say1965m#360.33#360.605
ммм;ммм;INTJ;_;_;_;_;_;@say1965m-words#@say1965m#360.605#360.88
агенства;агенство;NOUN;_;Animacy=Inan|Case=Gen|Gender=Neut|Number=Sing;_;_;_;@say1965m-words#@say1965m#360.88#361.155
такие;такой;DET;_;Case=Nom|Number=Plur;_;_;_;@say1965m-words#@say1965m#361.155#361.43
как;как;SCONJ;_;_;_;_;_;@say1965m-words#@say1965m#361.43#361.705
мы;мы;PRON;_;Case=Nom|Number=Plur|Person=1;_;_;_;@say1965m-words#@say1965m#361.705#361.98
и;и;CCONJ;_;_;_;_;_;@say1965m-words#@say1965m#361.98#362.255
/;/;PUNCT;_;_;_;_;_;@say1965m-words#@say1965m#362.255#362.53
ммм;ммм;INTJ;_;_;_;_;_;@say1965m-words#@say1965m#362.53#362.805
/;/;PUNCT;_;_;_;_;_;@say1965m-words#@say1965m#362.805#363.08
крупные;крупный;ADJ;_;Case=Nom|Degree=Pos|Number=Plur;_;_;_;@say1965m-words#@say1965m#363.08#363.355
агенства;агенство;NOUN;_;Animacy=Inan|Case=Nom|Gender=Neut|Number=Plur;_;_;_;@say1965m-words#@say1965m#363.355#363.63
все;весь;DET;_;Case=Acc|Gender=Neut|Number=Plur;_;_;_;@say1965m-words#@say1965m#363.63#363.905
/;/;PUNCT;_;_;_;_;_;@say1965m-words#@say1965m#363.905#364.18
они;они;PRON;_;Case=Nom|Number=Plur|Person=3;_;_;_;@say1965m-words#@say1965m#364.18#364.455
работают;работать;VERB;_;Aspect=Imp|Mood=Ind|Number=Plur|Person=3|Tense=Pres|VerbForm=Fin|Voice=Act;_;_;_;@say1965m-words#@say1965m#364.455#364.73
с;с;ADP;_;_;_;_;_;@say1965m-words#@say1965m#364.73#365.005
разными;разный;ADJ;_;Case=Ins|Degree=Pos|Number=Plur;_;_;_;@say1965m-words#@say1965m#365.005#365.28
/;/;PUNCT;_;_;_;_;_;@say1965m-words#@say1965m#365.28#365.555
точками;точка;NOUN;_;Animacy=Inan|Case=Ins|Gender=Fem|Number=Plur;_;_;_;@say1965m-words#@say1965m#365.555#365.83
продаж;продажа;NOUN;_;Animacy=Inan|Case=Gen|Gender=Fem|Number=Plur;_;_;_;@say1965m-words#@say1965m#365.83#366.105
то;то;SCONJ;_;_;_;_;_;@say1965m-words#@say1965m#366.105#366.38
есть;быть;VERB;_;Aspect=Imp|Mood=Ind|Number=Sing|Person=3|Tense=Pres|VerbForm=Fin|Voice=Act;_;_;_;@say1965m-words#@say1965m#366.38#366.68
условно;условно;ADV;_;Degree=Pos;_;_;_;@say1965m-words#@say1965m#366.7#367.0
говоря;говорить;VERB;_;Aspect=Imp|Tense=Pres|VerbForm=Conv|Voice=Act;_;_;_;@say1965m-words#@say1965m#367.0#367.3
ааа;ааа;INTJ;_;_;_;_;_;@say1965m-words#@say1965m#367.615#367.861
вы;вы;PRON;_;Case=Nom|Number=Plur|Person=2;_;_;_;@say1965m-words#@say1965m#367.861#368.107
можете;мочь;VERB;_;Aspect=Imp|Mood=Ind|Number=Plur|Person=2|Tense=Pres|VerbForm=Fin|Voice=Act;_;_;_;@say1965m-words#@say1965m#368.107#368.353
не;не;PART;_;Polarity=Neg;_;_;_;@say1965m-words#@say1965m#368.353#368.599
удивиться;удивиться;VERB;_;Aspect=Perf|VerbForm=Inf|Voice=Act;_;_;_;@say1965m-words#@say1965m#368.599#368.845
если;если;SCONJ;_;_;_;_;_;@say1965m-words#@say1965m#368.845#369.091
зайдете;заходить;VERB;_;Aspect=Perf|Mood=Ind|Number=Plur|Person=2|Tense=Fut|VerbForm=Fin|Voice=Act;_;_;_;@say1965m-words#@say1965m#369.091#369.337
на;на;ADP;_;_;_;_;_;@say1965m-words#@say1965m#369.337#369.583
популярный;популярный;ADJ;_;Case=Acc|Degree=Pos|Gender=Masc|Number=Sing;_;_;_;@say1965m-words#@say1965m#369.583#369.829
сайт;сайт;NOUN;_;Animacy=Inan|Case=Acc|Gender=Masc|Number=Sing;_;_;_;@say1965m-words#@say1965m#369.829#370.075
/;/;PUNCT;_;_;_;_;_;@say1965m-words#@say1965m#370.075#370.321
купите;купить;VERB;_;Aspect=Perf|Mood=Imp|Number=Plur|Person=2|Tense=Fut|VerbForm=Fin|Voice=Act;_;_;_;@say1965m-words#@say1965m#370.321#370.567
билет;билет;NOUN;_;Animacy=Inan|Case=Acc|Gender=Masc|Number=Sing;_;_;_;@say1965m-words#@say1965m#370.567#370.813
/;/;PUNCT;_;_;_;_;_;@say1965m-words#@say1965m#370.813#371.059
и;и;CCONJ;_;_;_;_;_;@say1965m-words#@say1965m#371.059#371.305
по;по;ADP;_;_;_;_;_;@say1965m-words#@say1965m#371.305#371.551
факту;факт;NOUN;_;Animacy=Inan|Case=Dat|Gender=Masc|Number=Sing;_;_;_;@say1965m-words#@say1965m#371.551#371.797
он;он;PRON;_;Case=Nom|Gender=Masc|Number=Sing|Person=3;_;_;_;@say1965m-words#@say1965m#371.797#372.043
окажется;оказаться;VERB;_;Aspect=Perf|Mood=Ind|Number=Sing|Person=3|Tense=Fut|VerbForm=Fin|Voice=Pass;_;_;_;@say1965m-words#@say1965m#372.043#372.289
что;что;SCONJ;_;_;_;_;_;@say1965m-words#@say1965m#372.289#372.535
он;он;PRON;_;Case=Nom|Gender=Masc|Number=Sing|Person=3;_;_;_;@say1965m-words#@say1965m#372.535#372.781
выписан;выписывать;VERB;_;Aspect=Perf|Gender=Masc|Number=Sing|Tense=Past|Variant=Short|VerbForm=Part|Voice=Pass;_;_;_;@say1965m-words#@say1965m#372.781#373.027
как;как;ADV;_;Degree=Pos;_;_;_;@say1965m-words#@say1965m#373.027#373.273
будто;будто;PART;_;_;_;_;_;@say1965m-words#@say1965m#373.273#373.519
бы;бы;PART;_;_;_;_;_;@say1965m-words#@say1965m#373.519#373.765
например;например;ADV;_;_;_;_;_;@say1965m-words#@say1965m#373.765#374.011
в;в;ADP;_;_;_;_;_;@say1965m-words#@say1965m#374.011#374.257
Америке;Америка;PROPN;_;Animacy=Inan|Case=Loc|Gender=Fem|Number=Sing;_;_;_;@say1965m-words#@say1965m#374.257#374.503
или;или;CCONJ;_;_;_;_;_;@say1965m-words#@say1965m#374.503#374.749
в;в;ADP;_;_;_;_;_;@say1965m-words#@say1965m#374.749#374.995
Германии;Германия;PROPN;_;Animacy=Inan|Case=Loc|Gender=Fem|Number=Sing;_;_;_;@say1965m-words#@say1965m#374.995#375.241
/;/;PUNCT;_;_;_;_;_;@say1965m-words#@say1965m#375.241#375.487
то;то;SCONJ;_;_;_;_;_;@say1965m-words#@say1965m#375.487#375.733
есть;быть;VERB;_;Aspect=Imp|Mood=Ind|Number=Sing|Person=3|Tense=Pres|VerbForm=Fin|Voice=Act;_;_;_;@say1965m-words#@say1965m#375.733#375.979
/;/;PUNCT;_;_;_;_;_;@say1965m-words#@say1965m#375.979#376.256
ааа;ааа;INTJ;_;_;_;_;_;@say1965m-words#@say1965m#376.564#376.918
/;/;PUNCT;_;_;_;_;_;@say1965m-words#@say1965m#376.918#377.272
потому;потому;ADV;_;Degree=Pos;_;_;_;@say1965m-words#@say1965m#377.272#377.626
что;что;SCONJ;_;_;_;_;_;@say1965m-words#@say1965m#377.626#377.98
/;/;PUNCT;_;_;_;_;_;@say1965m-words#@say1965m#377.98#378.334
ааа;ааа;INTJ;_;_;_;_;_;@say1965m-words#@say1965m#378.334#378.688
/;/;PUNCT;_;_;_;_;_;@say1965m-words#@say1965m#378.688#379.042
мы;мы;PRON;_;Case=Nom|Number=Plur|Person=1;_;_;_;@say1965m-words#@say1965m#379.042#379.396
стараемся;стараться;VERB;_;Aspect=Imp|Mood=Ind|Number=Plur|Person=1|Tense=Pres|VerbForm=Fin|Voice=Act;_;_;_;@say1965m-words#@say1965m#379.396#379.75
найти;найти;VERB;_;Aspect=Perf|VerbForm=Inf|Voice=Act;_;_;_;@say1965m-words#@say1965m#379.75#380.104
ту;тот;DET;_;Case=Acc|Gender=Fem|Number=Sing;_;_;_;@say1965m-words#@say1965m#380.104#380.458
перевозку;перевозка;NOUN;_;Animacy=Inan|Case=Acc|Gender=Fem|Number=Sing;_;_;_;@say1965m-words#@say1965m#380.458#380.812
которая;который;DET;_;Case=Nom|Gender=Fem|Number=Sing;_;_;_;@say1965m-words#@say1965m#380.812#381.166
будет;быть;AUX;_;Aspect=Imp|Mood=Ind|Number=Sing|Person=3|Tense=Pres|VerbForm=Fin|Voice=Act;_;_;_;@say1965m-words#@say1965m#381.166#381.52
наиболее;наибольший;ADJ;_;Degree=Sup;_;_;_;@say1965m-words#@say1965m#381.52#381.874
дешевая;дешевый;ADJ;_;Case=Nom|Degree=Pos|Gender=Fem|Number=Sing;_;_;_;@say1965m-words#@say1965m#381.874#382.228
для;для;ADP;_;_;_;_;_;@say1965m-words#@say1965m#382.228#382.582
потребителя;потребитель;NOUN;_;Animacy=Anim|Case=Gen|Gender=Masc|Number=Sing;_;_;_;@say1965m-words#@say1965m#382.582#382.936
/;/;PUNCT;_;_;_;_;_;@say1965m-words#@say1965m#382.936#383.29
потому;потому;ADV;_;Degree=Pos;_;_;_;@say1965m-words#@say1965m#383.29#383.644
что;что;SCONJ;_;_;_;_;_;@say1965m-words#@say1965m#383.644#383.998
сейчас;сейчас;ADV;_;Degree=Pos;_;_;_;@say1965m-words#@say1965m#383.998#384.352
к;к;ADP;_;_;_;_;_;@say1965m-words#@say1965m#384.352#384.706
сожалению;сожаление;NOUN;_;Animacy=Inan|Case=Dat|Gender=Neut|Number=Sing;_;_;_;@say1965m-words#@say1965m#384.706#385.06
большому;большой;ADJ;_;Case=Dat|Degree=Pos|Gender=Masc|Number=Sing;_;_;_;@say1965m-words#@say1965m#385.06#385.414
/;/;PUNCT;_;_;_;_;_;@say1965m-words#@say1965m#385.414#385.768
вот;вот;PART;_;_;_;_;_;@say1965m-words#@say1965m#385.768#386.122
как;как;SCONJ;_;_;_;_;_;@say1965m-words#@say1965m#386.122#386.476
раз;раз;NOUN;_;Animacy=Inan|Case=Nom|Gender=Masc|Number=Sing;_;_;_;@say1965m-words#@say1965m#386.476#386.83
больше;большой;ADJ;_;Degree=Cmp;_;_;_;@say1965m-words#@say1965m#386.83#387.184
работает;работать;VERB;_;Aspect=Imp|Mood=Ind|Number=Sing|Person=3|Tense=Pres|VerbForm=Fin|Voice=Act;_;_;_;@say1965m-words#@say1965m#387.184#387.538
/;/;PUNCT;_;_;_;_;_;@say1965m-words#@say1965m#387.538#387.892
именно;именно;PART;_;_;_;_;_;@say1965m-words#@say1965m#387.892#388.246
/;/;PUNCT;_;_;_;_;_;@say1965m-words#@say1965m#388.246#388.6
ааа;ааа;INTJ;_;_;_;_;_;@say1965m-words#@say1965m#388.6#388.954
стоимость;стоимость;NOUN;_;Animacy=Inan|Case=Nom|Gender=Fem|Number=Sing;_;_;_;@say1965m-words#@say1965m#388.954#389.308
перевозки;перевозка;NOUN;_;Animacy=Inan|Case=Gen|Gender=Fem|Number=Sing;_;_;_;@say1965m-words#@say1965m#389.308#389.662
и;и;CCONJ;_;_;_;_;_;@say1965m-words#@say1965m#389.662#390.016
ее;она;DET;_;Case=Gen|Gender=Fem|Number=Sing;_;_;_;@say1965m-words#@say1965m#390.016#390.37
дешевизна;дешевизна;NOUN;_;Animacy=Inan|Case=Nom|Gender=Fem|Number=Sing;_;_;_;@say1965m-words#@say1965m#390.37#390.724
/;/;PUNCT;_;_;_;_;_;@say1965m-words#@say1965m#390.724#391.078
нежели;нежели;SCONJ;_;_;_;_;_;@say1965m-words#@say1965m#391.078#391.432
чем;что;SCONJ;_;_;_;_;_;@say1965m-words#@say1965m#391.432#391.786
бренд;бренд;NOUN;_;Animacy=Inan|Case=Nom|Gender=Masc|Number=Sing;_;_;_;@say1965m-words#@say1965m#391.786#392.14
или;или;CCONJ;_;_;_;_;_;@say1965m-words#@say1965m#392.14#392.494
какие-то;какой-то;DET;_;Case=Acc|Number=Plur;_;_;_;@say1965m-words#@say1965m#392.494#392.848
другие;другой;ADJ;_;Case=Nom|Degree=Pos|Number=Plur;_;_;_;@say1965m-words#@say1965m#392.848#393.202
удобные;удобный;ADJ;_;Case=Nom|Degree=Pos|Number=Plur;_;_;_;@say1965m-words#@say1965m#393.202#393.556
сервисы;сервис;NOUN;_;Animacy=Inan|Case=Acc|Gender=Masc|Number=Plur;_;_;_;@say1965m-words#@say1965m#393.556#393.91
для;для;ADP;_;_;_;_;_;@say1965m-words#@say1965m#393.91#394.264
пользователя;пользователь;NOUN;_;Animacy=Anim|Case=Gen|Gender=Masc|Number=Sing;_;_;_;@say1965m-words#@say1965m#394.264#394.641
хотя;хотя;SCONJ;_;_;_;_;_;@say1965m-words#@say1965m#394.897#395.365
рынок;рынок;NOUN;_;Animacy=Inan|Case=Nom|Gender=Masc|Number=Sing;_;_;_;@say1965m-words#@say1965m#395.365#395.833
немножко;немножко;ADV;_;Degree=Pos;_;_;_;@say1965m-words#@say1965m#395.833#396.301
разворачивается;разворачиваться;VERB;_;Aspect=Imp|Mood=Ind|Number=Sing|Person=3|Tense=Pres|VerbForm=Fin|Voice=Act;_;_;_;@say1965m-words#@say1965m#396.301#396.769
вот;вот;PART;_;_;_;_;_;@say1965m-words#@say1965m#397.153#397.457
/;/;PUNCT;_;_;_;_;_;@say1965m-words#@say1965m#397.457#397.761
но;но;CCONJ;_;_;_;_;_;@say1965m-words#@say1965m#397.761#398.065
тем;то;PRON;_;Case=Dat|Number=Plur ;_;_;_;@say1965m-words#@say1965m#398.065#398.369
не;не;PART;_;Polarity=Neg;_;_;_;@say1965m-words#@say1965m#398.369#398.673
менее;менее;ADV;_;Degree=Cmp;_;_;_;@say1965m-words#@say1965m#398.673#398.977
/;/;PUNCT;_;_;_;_;_;@say1965m-words#@say1965m#398.977#399.281
из...;из;ADP;_;_;_;_;_;@say1965m-words#@say1965m#399.281#399.585
за;за;ADP;_;_;_;_;_;@say1965m-words#@say1965m#399.585#399.889
счет;счет;NOUN;_;Animacy=Inan|Case=Acc|Gender=Masc|Number=Sing;_;_;_;@say1965m-words#@say1965m#399.889#400.193
того;то;DET;_;Case=Acc|Gender=Masc|Number=Sing;_;_;_;@say1965m-words#@say1965m#400.193#400.497
что;что;SCONJ;_;_;_;_;_;@say1965m-words#@say1965m#400.497#400.801
мы;мы;PRON;_;Case=Nom|Number=Plur|Person=1;_;_;_;@say1965m-words#@say1965m#400.801#401.105
берем;брать;VERB;_;Aspect=Imp|Mood=Ind|Number=Plur|Person=1|Tense=Pres|VerbForm=Fin|Voice=Act;_;_;_;@say1965m-words#@say1965m#401.105#401.409
билеты;билет;NOUN;_;Animacy=Inan|Case=Acc|Gender=Masc|Number=Plur;_;_;_;@say1965m-words#@say1965m#401.409#401.713
с;с;ADP;_;_;_;_;_;@say1965m-words#@say1965m#401.713#402.017
разных;разный;ADJ;_;Case=Gen|Degree=Pos|Number=Plur;_;_;_;@say1965m-words#@say1965m#402.017#402.321
рынков;рынок;NOUN;_;Animacy=Inan|Case=Gen|Gender=Masc|Number=Plur;_;_;_;@say1965m-words#@say1965m#402.321#402.625
/;/;PUNCT;_;_;_;_;_;@say1965m-words#@say1965m#402.625#402.929
и;и;CCONJ;_;_;_;_;_;@say1965m-words#@say1965m#402.929#403.233
/;/;PUNCT;_;_;_;_;_;@say1965m-words#@say1965m#403.233#403.537
это;это;DET;_;Animacy=Inan|Case=Nom|Gender=Neut|Number=Sing;_;_;_;@say1965m-words#@say1965m#403.537#403.841
вообще;вообще;ADV;_;Degree=Pos;_;_;_;@say1965m-words#@say1965m#403.841#404.145
не;не;PART;_;Polarity=Neg;_;_;_;@say1965m-words#@say1965m#404.145#404.449
поддается;поддаваться;VERB;_;Aspect=Imp|Mood=Ind|Number=Sing|Person=3|Tense=Pres|VerbForm=Fin|Voice=Pass;_;_;_;@say1965m-words#@say1965m#404.449#404.753
никакому;никакой;DET;_;Case=Dat|Gender=Masc|Number=Sing;_;_;_;@say1965m-words#@say1965m#404.753#405.057
подсчету;подсчет;NOUN;_;Animacy=Inan|Case=Dat|Gender=Masc|Number=Sing;_;_;_;@say1965m-words#@say1965m#405.057#405.361
мы;мы;PRON;_;Case=Nom|Number=Plur|Person=1;_;_;_;@say1965m-words#@say1965m#405.361#405.665
можем;мочь;AUX;_;Aspect=Imp|Mood=Ind|Number=Plur|Person=1|Tense=Pres|VerbForm=Fin|Voice=Act;_;_;_;@say1965m-words#@say1965m#405.665#405.969
только;только;PART;_;_;_;_;_;@say1965m-words#@say1965m#405.969#406.273
ориентироваться;ориентироваться;VERB;_;Aspect=Imp|VerbForm=Inf|Voice=Act;_;_;_;@say1965m-words#@say1965m#406.273#406.577
на;на;ADP;_;_;_;_;_;@say1965m-words#@say1965m#406.577#406.881
цифры;цифра;NOUN;_;Animacy=Inan|Case=Acc|Gender=Fem|Number=Plur;_;_;_;@say1965m-words#@say1965m#406.881#407.185
которые;который;DET;_;Case=Nom|Number=Plur;_;_;_;@say1965m-words#@say1965m#407.185#407.489
/;/;PUNCT;_;_;_;_;_;@say1965m-words#@say1965m#407.489#407.793
ааа;ааа;INTJ;_;_;_;_;_;@say1965m-words#@say1965m#407.793#408.097
/;/;PUNCT;_;_;_;_;_;@say1965m-words#@say1965m#408.097#408.401
декларируют;декларировать;VERB;_;Aspect=Imp|Mood=Ind|Number=Plur|Person=3|Tense=Pres|VerbForm=Fin|Voice=Act;_;_;_;@say1965m-words#@say1965m#408.401#408.705
сами;сам;PRON;_;Case=Nom|Number=Plur;_;_;_;@say1965m-words#@say1965m#408.705#409.009
на;на;ADP;_;_;_;_;_;@say1965m-words#@say1965m#409.009#409.313
самом;самый;ADJ;_;Case=Loc|Degree=Pos|Gender=Neut|Number=Sing;_;_;_;@say1965m-words#@say1965m#409.313#409.617
деле;дело;NOUN;_;Animacy=Inan|Case=Loc|Gender=Neut|Number=Sing;_;_;_;@say1965m-words#@say1965m#409.617#409.921
агенства;агенство;NOUN;_;Animacy=Inan|Case=Gen|Gender=Neut|Number=Sing;_;_;_;@say1965m-words#@say1965m#409.921#410.23
и;и;CCONJ;_;_;_;_;_;@say1965m-words#@say1965m#410.82#411.053
в;в;ADP;_;_;_;_;_;@say1965m-words#@say1965m#411.053#411.286
данном;данный;ADJ;_;Case=Loc|Degree=Pos|Gender=Masc|Number=Sing;_;_;_;@say1965m-words#@say1965m#411.286#411.519
случае;случай;NOUN;_;Animacy=Inan|Case=Loc|Gender=Masc|Number=Sing;_;_;_;@say1965m-words#@say1965m#411.519#411.752
то;то;SCONJ;_;_;_;_;_;@say1965m-words#@say1965m#411.752#411.985
есть;быть;VERB;_;Aspect=Imp|Mood=Ind|Number=Sing|Person=3|Tense=Pres|VerbForm=Fin|Voice=Act;_;_;_;@say1965m-words#@say1965m#411.985#412.218
/;/;PUNCT;_;_;_;_;_;@say1965m-words#@say1965m#412.218#412.451
эээ;эээ;INTJ;_;_;_;_;_;@say1965m-words#@say1965m#412.451#412.684
достаточно;достаточно;ADV;_;Degree=Pos;_;_;_;@say1965m-words#@say1965m#412.684#412.923
трудно;трудный;ADJ;_;Degree=Pos|Gender=Neut|Number=Sing|Variant=Short;_;_;_;@say1965m-words#@say1965m#413.435#413.721
все-таки;все-таки;PART;_;_;_;_;_;@say1965m-words#@say1965m#413.721#414.007
определить;определить;VERB;_;Aspect=Perf|VerbForm=Inf|Voice=Act;_;_;_;@say1965m-words#@say1965m#414.007#414.293
/;/;PUNCT;_;_;_;_;_;@say1965m-words#@say1965m#414.293#414.579
то;то;SCONJ;_;_;_;_;_;@say1965m-words#@say1965m#414.579#414.865
есть;быть;VERB;_;Aspect=Imp|Mood=Ind|Number=Sing|Person=3|Tense=Pres|VerbForm=Fin|Voice=Act;_;_;_;@say1965m-words#@say1965m#414.865#415.151
кто;кто;PRON;_;_;_;_;_;@say1965m-words#@say1965m#415.151#415.437
какую;какой;DET;_;Case=Nom|Gender=Fem|Number=Sing;_;_;_;@say1965m-words#@say1965m#415.437#415.723
долю;доля;NOUN;_;Animacy=Inan|Case=Acc|Gender=Fem|Number=Sing;_;_;_;@say1965m-words#@say1965m#415.723#416.009
занимает;занимать;VERB;_;Aspect=Imp|Mood=Ind|Number=Sing|Person=3|Tense=Pres|VerbForm=Fin|Voice=Act;_;_;_;@say1965m-words#@say1965m#416.009#416.295
/;/;PUNCT;_;_;_;_;_;@say1965m-words#@say1965m#416.295#416.581
но;но;CCONJ;_;_;_;_;_;@say1965m-words#@say1965m#416.581#416.867
если;если;SCONJ;_;_;_;_;_;@say1965m-words#@say1965m#416.867#417.153
мы;мы;PRON;_;Case=Nom|Number=Plur|Person=1;_;_;_;@say1965m-words#@say1965m#417.153#417.439
говорим;говорить;VERB;_;Aspect=Imp|Mood=Ind|Number=Plur|Person=1|Tense=Pres|VerbForm=Fin|Voice=Act;_;_;_;@say1965m-words#@say1965m#417.439#417.725
конкретно;конкретно;ADV;_;Degree=Pos;_;_;_;@say1965m-words#@say1965m#417.725#418.011
про;про;ADP;_;_;_;_;_;@say1965m-words#@say1965m#418.011#418.297
игроков;игрок;NOUN;_;Animacy=Anim|Case=Gen|Gender=Masc|Number=Plur;_;_;_;@say1965m-words#@say1965m#418.297#418.583
нашего;наш;DET;_;Case=Gen|Gender=Masc|Number=Sing;_;_;_;@say1965m-words#@say1965m#418.583#418.869
рынка;рынок;NOUN;_;Animacy=Inan|Case=Gen|Gender=Masc|Number=Sing;_;_;_;@say1965m-words#@say1965m#418.869#419.155
/;/;PUNCT;_;_;_;_;_;@say1965m-words#@say1965m#419.155#419.441
с;с;ADP;_;_;_;_;_;@say1965m-words#@say1965m#419.441#419.727
моей;мой;DET;_;Case=Gen|Gender=Fem|Number=Sing;_;_;_;@say1965m-words#@say1965m#419.727#420.013
точки;точка;NOUN;_;Animacy=Inan|Case=Gen|Gender=Fem|Number=Sing;_;_;_;@say1965m-words#@say1965m#420.013#420.299
зрения;зрение;NOUN;_;Animacy=Inan|Case=Gen|Gender=Neut|Number=Sing;_;_;_;@say1965m-words#@say1965m#420.299#420.585
/;/;PUNCT;_;_;_;_;_;@say1965m-words#@say1965m#420.585#420.871
ааа;ааа;INTJ;_;_;_;_;_;@say1965m-words#@say1965m#420.871#421.157
/;/;PUNCT;_;_;_;_;_;@say1965m-words#@say1965m#421.157#421.443
на;на;ADP;_;_;_;_;_;@say1965m-words#@say1965m#421.443#421.729
сегодня;сегодня;ADV;_;Degree=Pos;_;_;_;@say1965m-words#@say1965m#421.729#422.015
/;/;PUNCT;_;_;_;_;_;@say1965m-words#@say1965m#422.015#422.301
первое;первый;NUM;_;Case=Acc|Degree=Pos|Gender=Neut|Number=Sing;_;_;_;@say1965m-words#@say1965m#422.301#422.587
место;место;NOUN;_;Animacy=Inan|Case=Acc|Gender=Neut|Number=Sing;_;_;_;@say1965m-words#@say1965m#422.587#422.873
там;там;ADV;_;Degree=Pos;_;_;_;@say1965m-words#@say1965m#422.873#423.159
занимает;занимать;VERB;_;Aspect=Imp|Mood=Ind|Number=Sing|Person=3|Tense=Pres|VerbForm=Fin|Voice=Act;_;_;_;@say1965m-words#@say1965m#423.159#423.445
азон;азон;PROPN;_;Animacy=Inan|Case=Nom|Gender=Masc|Number=Sing;_;_;_;@say1965m-words#@say1965m#423.445#423.731
трэвл;трэвл;PROPN;_;Animacy=Inan|Case=Nom|Gender=Masc|Number=Sing;_;_;_;@say1965m-words#@say1965m#423.731#424.017
потому;потому;ADV;_;Degree=Pos;_;_;_;@say1965m-words#@say1965m#424.017#424.303
что;что;SCONJ;_;_;_;_;_;@say1965m-words#@say1965m#424.303#424.589
у;у;ADP;_;_;_;_;_;@say1965m-words#@say1965m#424.589#424.875
него;он;PRON;_;Case=Gen|Gender=Masc|Number=Sing|Person=3;_;_;_;@say1965m-words#@say1965m#424.875#425.161
есть;быть;AUX;_;Aspect=Imp|Mood=Ind|Number=Sing|Person=3|Tense=Pres|VerbForm=Fin|Voice=Act;_;_;_;@say1965m-words#@say1965m#425.161#425.447
собственная;собственный;ADJ;_;Case=Nom|Degree=Pos|Gender=Fem|Number=Sing;_;_;_;@say1965m-words#@say1965m#425.447#425.733
/;/;PUNCT;_;_;_;_;_;@say1965m-words#@say1965m#425.733#426.019
аудитория;аудитория;NOUN;_;Animacy=Inan|Case=Nom|Gender=Fem|Number=Sing;_;_;_;@say1965m-words#@say1965m#426.019#426.305
/;/;PUNCT;_;_;_;_;_;@say1965m-words#@say1965m#426.305#426.591
с;с;ADP;_;_;_;_;_;@say1965m-words#@say1965m#426.591#426.877
/;/;PUNCT;_;_;_;_;_;@say1965m-words#@say1965m#426.877#427.163
его;он;DET;_;Case=Gen|Gender=Masc|Number=Sing;_;_;_;@say1965m-words#@say1965m#427.163#427.449
мамой;мама;NOUN;_;Animacy=Anim|Case=Ins|Gender=Fem|Number=Sing;_;_;_;@say1965m-words#@say1965m#427.449#427.735
/;/;PUNCT;_;_;_;_;_;@say1965m-words#@say1965m#427.735#428.021
то;то;SCONJ;_;_;_;_;_;@say1965m-words#@say1965m#428.021#428.307
есть;быть;VERB;_;Aspect=Imp|Mood=Ind|Number=Sing|Person=3|Tense=Pres|VerbForm=Fin|Voice=Act;_;_;_;@say1965m-words#@say1965m#428.307#428.593
зона;зона;NOUN;_;Animacy=Inan|Case=Nom|Gender=Fem|Number=Sing;_;_;_;@say1965m-words#@say1965m#428.593#428.879
основного;основной;ADJ;_;Case=Gen|Degree=Pos|Gender=Masc|Number=Sing;_;_;_;@say1965m-words#@say1965m#428.879#429.179
то;то;SCONJ;_;_;_;_;_;@say1965m-words#@say1965m#429.333#429.673
есть;быть;VERB;_;Aspect=Imp|Mood=Ind|Number=Sing|Person=3|Tense=Pres|VerbForm=Fin|Voice=Act;_;_;_;@say1965m-words#@say1965m#429.673#430.013
и;и;CCONJ;_;_;_;_;_;@say1965m-words#@say1965m#430.013#430.353
там;там;ADV;_;Degree=Pos;_;_;_;@say1965m-words#@say1965m#430.353#430.693
огномное;огномный;ADJ;_;Case=Nom|Degree=Pos|Gender=Neut|Number=Sing;_;_;_;@say1965m-words#@say1965m#430.693#431.033
количество;количество;NOUN;_;Animacy=Inan|Case=Nom|Gender=Neut|Number=Sing;_;_;_;@say1965m-words#@say1965m#431.033#431.373
пользователей;пользователь;NOUN;_;Animacy=Anim|Case=Gen|Gender=Masc|Number=Plur;_;_;_;@say1965m-words#@say1965m#431.373#431.713
который;который;DET;_;Case=Nom|Gender=Masc|Number=Sing;_;_;_;@say1965m-words#@say1965m#431.713#432.053
...;...;PUNCT;_;_;_;_;_;@say1965m-words#@say1965m#431.713#432.053
с;с;ADP;_;_;_;_;_;@say1965m-words#@say1965m#431.713#432.053
которым;который;DET;_;Case=Dat|Number=Plur ;_;_;_;@say1965m-words#@say1965m#432.053#432.393
они;они;PRON;_;Case=Nom|Number=Plur|Person=3;_;_;_;@say1965m-words#@say1965m#432.393#432.733
достаточно;достаточно;ADV;_;Degree=Pos;_;_;_;@say1965m-words#@say1965m#432.733#433.073
активно;активно;ADV;_;Degree=Pos;_;_;_;@say1965m-words#@say1965m#433.073#433.413
работают;работать;VERB;_;Aspect=Imp|Mood=Ind|Number=Plur|Person=3|Tense=Pres|VerbForm=Fin|Voice=Act;_;_;_;@say1965m-words#@say1965m#433.413#433.753
сейчас;сейчас;ADV;_;Degree=Pos;_;_;_;@say1965m-words#@say1965m#433.753#434.099
плюс;плюс;NOUN;_;Animacy=Inan|Case=Nom|Gender=Masc|Number=Sing;_;_;_;@say1965m-words#@say1965m#434.516#434.944
/;/;PUNCT;_;_;_;_;_;@say1965m-words#@say1965m#434.944#435.372
это;это;DET;_;Case=Nom|Gender=Neut|Number=Sing;_;_;_;@say1965m-words#@say1965m#435.372#435.8
очень;очень;ADV;_;Degree=Pos;_;_;_;@say1965m-words#@say1965m#435.8#436.228
профессиональная;профессиональный;ADJ;_;Case=Nom|Degree=Pos|Gender=Fem|Number=Sing;_;_;_;@say1965m-words#@say1965m#436.228#436.656
команда;команда;NOUN;_;Animacy=Inan|Case=Nom|Gender=Fem|Number=Sing;_;_;_;@say1965m-words#@say1965m#436.656#437.084
которая;который;DET;_;Case=Nom|Gender=Fem|Number=Sing;_;_;_;@say1965m-words#@say1965m#437.084#437.512
/;/;PUNCT;_;_;_;_;_;@say1965m-words#@say1965m#437.512#437.94
все;весь;DET;_;Case=Acc|Number=Plur;_;_;_;@say1965m-words#@say1965m#437.94#438.368
каналы;канал;NOUN;_;Animacy=Inan|Case=Acc|Gender=Masc|Number=Plur;_;_;_;@say1965m-words#@say1965m#438.368#438.796
продаж;продажа;NOUN;_;Animacy=Inan|Case=Gen|Gender=Fem|Number=Plur;_;_;_;@say1965m-words#@say1965m#438.796#439.224
использует;использовать;VERB;_;Aspect=Imp|Mood=Ind|Number=Sing|Person=3|Tense=Pres|VerbForm=Fin|Voice=Act;_;_;_;@say1965m-words#@say1965m#439.224#439.652
максимально;максимально;ADV;_;Degree=Pos;_;_;_;@say1965m-words#@say1965m#439.652#440.08
эффективно;эффективно;ADV;_;Degree=Pos;_;_;_;@say1965m-words#@say1965m#440.08#440.516
ааа;ааа;INTJ;_;_;_;_;_;@say1965m-words#@say1965m#441.133#441.416
если;если;SCONJ;_;_;_;_;_;@say1965m-words#@say1965m#441.416#441.699
говорить;говорить;VERB;_;Aspect=Imp|VerbForm=Inf|Voice=Act;_;_;_;@say1965m-words#@say1965m#441.699#441.982
про;про;ADP;_;_;_;_;_;@say1965m-words#@say1965m#441.982#442.265
второго;второй;NUM;_;Case=Gen|Degree=Pos|Gender=Masc|Number=Sing;_;_;_;@say1965m-words#@say1965m#442.265#442.548
третьего;третий;NUM;_;Case=Gen|Degree=Pos|Gender=Masc|Number=Sing;_;_;_;@say1965m-words#@say1965m#442.548#442.831
четвертого;четвертый;NUM;_;Case=Gen|Degree=Pos|Gender=Masc|Number=Sing;_;_;_;@say1965m-words#@say1965m#442.831#443.114
пятого;пятый;NUM;_;Case=Gen|Degree=Pos|Gender=Masc|Number=Sing;_;_;_;@say1965m-words#@say1965m#443.114#443.397
это;это;DET;_;Case=Nom|Gender=Neut|Number=Sing;_;_;_;@say1965m-words#@say1965m#443.397#443.68
целый;целый;ADJ;_;Case=Nom|Degree=Pos|Gender=Masc|Number=Sing;_;_;_;@say1965m-words#@say1965m#443.68#443.963
такой;такой;DET;_;Case=Nom|Gender=Masc|Number=Sing;_;_;_;@say1965m-words#@say1965m#443.963#444.246
пул;пул;NOUN;_;Animacy=Inan|Case=Nom|Gender=Masc|Number=Sing;_;_;_;@say1965m-words#@say1965m#444.246#444.529
наверное;наверное;ADV;_;Degree=Pos;_;_;_;@say1965m-words#@say1965m#444.529#444.812
игроков;игрок;NOUN;_;Animacy=Anim|Case=Acc|Gender=Masc|Number=Plur;_;_;_;@say1965m-words#@say1965m#444.812#445.095
сейчас;сейчас;ADV;_;Degree=Pos;_;_;_;@say1965m-words#@say1965m#445.095#445.378
это;это;DET;_;Case=Nom|Gender=Neut|Number=Sing;_;_;_;@say1965m-words#@say1965m#445.378#445.661
и;и;CCONJ;_;_;_;_;_;@say1965m-words#@say1965m#445.661#445.944
тот;тот;DET;_;Case=Nom|Gender=Masc|Number=Sing;_;_;_;@say1965m-words#@say1965m#445.944#446.227
же;же;PART;_;_;_;_;_;@say1965m-words#@say1965m#446.227#446.51
ван;ван;NUM;_;_;_;_;_;@say1965m-words#@say1965m#446.51#446.793
ту;ту;NUM;_;_;_;_;_;@say1965m-words#@say1965m#446.793#447.076
три;три;NUM;_;Case=Acc|Degree=Poss;_;_;_;@say1965m-words#@say1965m#447.076#447.359
пэт;пэт;NOUN;_;_;_;_;_;@say1965m-words#@say1965m#447.359#447.642
/;/;PUNCT;_;_;_;_;_;@say1965m-words#@say1965m#447.642#447.925
ааа;ааа;INTJ;_;_;_;_;_;@say1965m-words#@say1965m#447.925#448.208
/;/;PUNCT;_;_;_;_;_;@say1965m-words#@say1965m#448.208#448.491
и;и;CCONJ;_;_;_;_;_;@say1965m-words#@say1965m#448.491#448.774
/;/;PUNCT;_;_;_;_;_;@say1965m-words#@say1965m#448.774#449.057
ааа;ааа;INTJ;_;_;_;_;_;@say1965m-words#@say1965m#449.057#449.34
тикетс;тикетс;NOUN;_;_;_;_;_;@say1965m-words#@say1965m#449.34#449.623
ру;ру;PROPN;_;_;_;_;_;@say1965m-words#@say1965m#449.623#449.906
мы;мы;PRON;_;Case=Nom|Number=Plur|Person=1;_;_;_;@say1965m-words#@say1965m#449.906#450.189
где-то;где-то;ADV;_;Degree=Pos;_;_;_;@say1965m-words#@say1965m#450.189#450.472
рядом;рядом;ADV;_;Degree=Pos;_;_;_;@say1965m-words#@say1965m#450.472#450.755
/;/;PUNCT;_;_;_;_;_;@say1965m-words#@say1965m#450.755#451.038
да;да;PART;_;_;_;_;_;@say1965m-words#@say1965m#451.038#451.321
то;то;SCONJ;_;_;_;_;_;@say1965m-words#@say1965m#451.321#451.604
есть;быть;VERB;_;Aspect=Imp|Mood=Ind|Number=Sing|Person=3|Tense=Pres|VerbForm=Fin|Voice=Act;_;_;_;@say1965m-words#@say1965m#451.604#451.887
здесь;здесь;ADV;_;Degree=Pos;_;_;_;@say1965m-words#@say1965m#451.887#452.17
/;/;PUNCT;_;_;_;_;_;@say1965m-words#@say1965m#452.17#452.453
тяжело;тяжелый;ADJ;_;Degree=Pos|Gender=Neut|Number=Sing|Variant=Short;_;_;_;@say1965m-words#@say1965m#452.453#452.736
сказать;сказать;VERB;_;Aspect=Perf|VerbForm=Inf|Voice=Act;_;_;_;@say1965m-words#@say1965m#452.736#453.019
/;/;PUNCT;_;_;_;_;_;@say1965m-words#@say1965m#453.019#453.302
потому;потому;ADV;_;Degree=Pos;_;_;_;@say1965m-words#@say1965m#453.302#453.585
что;что;SCONJ;_;_;_;_;_;@say1965m-words#@say1965m#453.585#453.868
очень;очень;ADV;_;Degree=Pos;_;_;_;@say1965m-words#@say1965m#453.868#454.151
сложно;сложный;ADJ;_;Degree=Pos|Gender=Neut|Number=Sing|Variant=Short;_;_;_;@say1965m-words#@say1965m#454.151#454.434
сравнить;сравнивать;VERB;_;Aspect=Perf|VerbForm=Inf|Voice=Act;_;_;_;@say1965m-words#@say1965m#454.434#454.717
на;на;ADP;_;_;_;_;_;@say1965m-words#@say1965m#454.717#455.0
самом;самый;ADJ;_;Case=Loc|Degree=Pos|Gender=Neut|Number=Sing;_;_;_;@say1965m-words#@say1965m#455.0#455.283
деле;дело;NOUN;_;Animacy=Inan|Case=Loc|Gender=Neut|Number=Sing;_;_;_;@say1965m-words#@say1965m#455.283#455.566
и;и;CCONJ;_;_;_;_;_;@say1965m-words#@say1965m#455.566#455.849
понять;понять;VERB;_;Aspect=Perf|VerbForm=Inf|Voice=Act;_;_;_;@say1965m-words#@say1965m#455.849#456.132
/;/;PUNCT;_;_;_;_;_;@say1965m-words#@say1965m#456.132#456.415
где;где;ADV;_;Degree=Pos;_;_;_;@say1965m-words#@say1965m#456.415#456.698
же;же;PART;_;_;_;_;_;@say1965m-words#@say1965m#456.698#456.981
вот;вот;PART;_;_;_;_;_;@say1965m-words#@say1965m#456.981#457.264
эти;этот;DET;_;Case=Nom|Number=Plur;_;_;_;@say1965m-words#@say1965m#457.264#457.547
вот;вот;PART;_;_;_;_;_;@say1965m-words#@say1965m#457.547#457.83
реальные;реальный;ADJ;_;Case=Nom|Degree=Pos|Number=Plur;_;_;_;@say1965m-words#@say1965m#457.83#458.113
цифры;цифра;NOUN;_;Animacy=Inan|Case=Nom|Gender=Fem|Number=Plur;_;_;_;@say1965m-words#@say1965m#458.113#458.396
и;и;CCONJ;_;_;_;_;_;@say1965m-words#@say1965m#458.396#458.679
к;к;ADP;_;_;_;_;_;@say1965m-words#@say1965m#458.679#458.962
большому;большой;ADJ;_;Case=Dat|Degree=Pos|Gender=Neut|Number=Sing;_;_;_;@say1965m-words#@say1965m#458.962#459.245
сожалению;сожаление;NOUN;_;Animacy=Inan|Case=Dat|Gender=Neut|Number=Sing;_;_;_;@say1965m-words#@say1965m#459.245#459.528
/;/;PUNCT;_;_;_;_;_;@say1965m-words#@say1965m#459.528#459.811
все;весь;DET;_;Case=Nom|Number=Plur;_;_;_;@say1965m-words#@say1965m#459.811#460.094
попытки;попытка;NOUN;_;Animacy=Inan|Case=Nom|Gender=Fem|Number=Plur;_;_;_;@say1965m-words#@say1965m#460.094#460.377
даже;даже;PART;_;_;_;_;_;@say1965m-words#@say1965m#460.377#460.66
/;/;PUNCT;_;_;_;_;_;@say1965m-words#@say1965m#460.66#460.943
ааа;ааа;INTJ;_;_;_;_;_;@say1965m-words#@say1965m#460.943#461.226
агенств;агенство;NOUN;_;Animacy=Inan|Case=Gen|Gender=Neut|Number=Plur;_;_;_;@say1965m-words#@say1965m#461.226#461.509
которые;который;DET;_;Case=Nom|Number=Plur;_;_;_;@say1965m-words#@say1965m#461.509#461.792
работают;работать;VERB;_;Aspect=Imp|Mood=Ind|Number=Plur|Person=3|Tense=Pres|VerbForm=Fin|Voice=Act;_;_;_;@say1965m-words#@say1965m#461.792#462.075
с;с;ADP;_;_;_;_;_;@say1965m-words#@say1965m#462.075#462.358
точки;точка;NOUN;_;Animacy=Inan|Case=Gen|Gender=Fem|Number=Sing;_;_;_;@say1965m-words#@say1965m#462.358#462.641
зрения;зрение;NOUN;_;Animacy=Inan|Case=Gen|Gender=Neut|Number=Sing;_;_;_;@say1965m-words#@say1965m#462.641#462.924
подсчета;подсчет;NOUN;_;Animacy=Inan|Case=Gen|Gender=Masc|Number=Sing;_;_;_;@say1965m-words#@say1965m#462.924#463.207
результатов;результат;NOUN;_;Animacy=Inan|Case=Gen|Gender=Masc|Number=Plur;_;_;_;@say1965m-words#@say1965m#463.207#463.49
и;и;CCONJ;_;_;_;_;_;@say1965m-words#@say1965m#463.49#463.773
вот;вот;PART;_;_;_;_;_;@say1965m-words#@say1965m#463.773#464.056
и;и;CCONJ;_;_;_;_;_;@say1965m-words#@say1965m#464.056#464.339
/;/;PUNCT;_;_;_;_;_;@say1965m-words#@say1965m#464.339#464.622
оценки;оценка;NOUN;_;Animacy=Inan|Case=Nom|Gender=Fem|Number=Plur;_;_;_;@say1965m-words#@say1965m#464.622#464.905
рынка;рынок;NOUN;_;Animacy=Inan|Case=Gen|Gender=Masc|Number=Sing;_;_;_;@say1965m-words#@say1965m#464.905#465.188
/;/;PUNCT;_;_;_;_;_;@say1965m-words#@say1965m#465.188#465.471
они;они;PRON;_;Case=Nom|Number=Plur|Person=3;_;_;_;@say1965m-words#@say1965m#465.471#465.754
/;/;PUNCT;_;_;_;_;_;@say1965m-words#@say1965m#465.754#466.037
оперируют;оперировать;VERB;_;Aspect=Imp|Mood=Ind|Number=Plur|Person=3|Tense=Pres|VerbForm=Fin|Voice=Act;_;_;_;@say1965m-words#@say1965m#466.037#466.32
общими;общий;ADJ;_;Case=Ins|Degree=Pos|Number=Plur;_;_;_;@say1965m-words#@say1965m#466.32#466.603
цифрами;цифра;NOUN;_;Animacy=Inan|Case=Ins|Gender=Fem|Number=Plur;_;_;_;@say1965m-words#@say1965m#466.603#466.886
/;/;PUNCT;_;_;_;_;_;@say1965m-words#@say1965m#466.886#467.169
ааа;ааа;INTJ;_;_;_;_;_;@say1965m-words#@say1965m#467.169#467.452
как;как;ADV;_;Degree=Pos;_;_;_;@say1965m-words#@say1965m#467.452#467.735
только;только;PART;_;_;_;_;_;@say1965m-words#@say1965m#467.735#468.018
доходит;доходить;VERB;_;Aspect=Imp|Mood=Ind|Number=Sing|Person=3|Tense=Pres|VerbForm=Fin|Voice=Act;_;_;_;@say1965m-words#@say1965m#468.018#468.301
до;до;ADP;_;_;_;_;_;@say1965m-words#@say1965m#468.301#468.584
конкретных;конкретный;ADJ;_;Case=Gen|Degree=Pos|Number=Plur;_;_;_;@say1965m-words#@say1965m#468.584#468.867
цифр;цифра;NOUN;_;Animacy=Inan|Case=Gen|Gender=Fem|Number=Plur;_;_;_;@say1965m-words#@say1965m#468.867#469.15
каждого;каждый;DET;_;Case=Gen|Gender=Masc|Number=Sing;_;_;_;@say1965m-words#@say1965m#469.15#469.433
из;из;ADP;_;_;_;_;_;@say1965m-words#@say1965m#469.433#469.716
агенств;агенство;NOUN;_;Animacy=Inan|Case=Gen|Gender=Neut|Number=Plur;_;_;_;@say1965m-words#@say1965m#469.716#469.999
тут;тут;ADV;_;Degree=Pos;_;_;_;@say1965m-words#@say1965m#469.999#470.282
приходится;приходиться;VERB;_;Aspect=Imp|Mood=Ind|Number=Sing|Person=3|Tense=Pres|VerbForm=Fin|Voice=Pass;_;_;_;@say1965m-words#@say1965m#470.282#470.565
им;они;PRON;_;Case=Dat|Number=Plur|Person=3;_;_;_;@say1965m-words#@say1965m#470.565#470.848
/;/;PUNCT;_;_;_;_;_;@say1965m-words#@say1965m#470.848#471.131
верить;верить;VERB;_;Aspect=Imp|VerbForm=Inf|Voice=Act;_;_;_;@say1965m-words#@say1965m#471.131#471.414
на;на;ADP;_;_;_;_;_;@say1965m-words#@say1965m#471.414#471.697
слово;слово;NOUN;_;Animacy=Inan|Case=Acc|Gender=Neut|Number=Sing;_;_;_;@say1965m-words#@say1965m#471.697#471.98
/;/;PUNCT;_;_;_;_;_;@say1965m-words#@say1965m#471.98#472.263
но;но;CCONJ;_;_;_;_;_;@say1965m-words#@say1965m#472.263#472.546
если;если;SCONJ;_;_;_;_;_;@say1965m-words#@say1965m#472.546#472.829
мы;мы;PRON;_;Case=Nom|Number=Plur|Person=1;_;_;_;@say1965m-words#@say1965m#472.829#473.112
возьмем;брать;VERB;_;Aspect=Perf|Mood=Ind|Number=Plur|Person=1|Tense=Fut|VerbForm=Fin|Voice=Act;_;_;_;@say1965m-words#@say1965m#473.112#473.395
/;/;PUNCT;_;_;_;_;_;@say1965m-words#@say1965m#473.395#473.678
и;и;CCONJ;_;_;_;_;_;@say1965m-words#@say1965m#473.678#473.961
тупо;тупо;ADV;_;Degree=Pos;_;_;_;@say1965m-words#@say1965m#473.961#474.244
посчитаем;посчитать;VERB;_;Aspect=Perf|Mood=Ind|Number=Plur|Person=1|Tense=Fut|VerbForm=Fin|Voice=Act;_;_;_;@say1965m-words#@say1965m#474.244#474.527
/;/;PUNCT;_;_;_;_;_;@say1965m-words#@say1965m#474.527#474.81
объем;объем;NOUN;_;Animacy=Inan|Case=Acc|Gender=Masc|Number=Sing;_;_;_;@say1965m-words#@say1965m#474.81#475.093
каждого;каждый;DET;_;Case=Gen|Gender=Masc|Number=Sing;_;_;_;@say1965m-words#@say1965m#475.093#475.376
из;из;ADP;_;_;_;_;_;@say1965m-words#@say1965m#475.376#475.659
этих;этот;DET;_;Case=Gen|Number=Plur;_;_;_;@say1965m-words#@say1965m#475.659#475.942
агенств;агенство;NOUN;_;Animacy=Inan|Case=Gen|Gender=Neut|Number=Plur;_;_;_;@say1965m-words#@say1965m#475.942#476.225
к;к;ADP;_;_;_;_;_;@say1965m-words#@say1965m#476.225#476.508
сожалению;сожаление;NOUN;_;Animacy=Inan|Case=Dat|Gender=Neut|Number=Sing ;_;_;_;@say1965m-words#@say1965m#476.508#476.791
не;не;PART;_;_;_;_;_;@say1965m-words#@say1965m#476.791#477.074
получится;получиться;VERB;_;Aspect=Perf|Mood=Ind|Number=Sing|Person=3|Tense=Fut|VerbForm=Fin|Voice=Pass;_;_;_;@say1965m-words#@say1965m#477.074#477.357
общая;общий;ADJ;_;Case=Nom|Degree=Pos|Gender=Fem|Number=Sing;_;_;_;@say1965m-words#@say1965m#477.357#477.64
цифра;цифра;NOUN;_;Animacy=Inan|Case=Nom|Gender=Fem|Number=Sing;_;_;_;@say1965m-words#@say1965m#477.64#478.049
ну;ну;PART;_;_;_;_;_;@say1965m-words#@say1965m#478.116#478.4
вот;вот;PART;_;_;_;_;_;@say1965m-words#@say1965m#478.4#478.684
такова;таков;DET;_;Gender=Fem|Number=Sing;_;_;_;@say1965m-words#@say1965m#478.684#478.968
специфика;специфика;NOUN;_;Animacy=Inan|Case=Nom|Gender=Fem|Number=Sing;_;_;_;@say1965m-words#@say1965m#478.968#479.252
/;/;PUNCT;_;_;_;_;_;@say1965m-words#@say1965m#479.252#479.536
то;то;SCONJ;_;_;_;_;_;@say1965m-words#@say1965m#479.536#479.82
есть;быть;VERB;_;Aspect=Imp|Mood=Ind|Number=Sing|Person=3|Tense=Pres|VerbForm=Fin|Voice=Act;_;_;_;@say1965m-words#@say1965m#479.82#480.104
/;/;PUNCT;_;_;_;_;_;@say1965m-words#@say1965m#480.104#480.388
эти;этот;DET;_;Case=Nom|Number=Plur;_;_;_;@say1965m-words#@say1965m#480.388#480.672
цифры;цифра;NOUN;_;Animacy=Inan|Case=Nom|Gender=Fem|Number=Plur;_;_;_;@say1965m-words#@say1965m#480.672#480.956
закрыты;закрыть;VERB;_;Aspect=Perf|Number=Plur|Tense=Past|Variant=Short|VerbForm=Part|Voice=Pass;_;_;_;@say1965m-words#@say1965m#480.956#481.24
и;и;CCONJ;_;_;_;_;_;@say1965m-words#@say1965m#481.24#481.524
многие;много;DET;_;Case=Nom|Number=Plur;_;_;_;@say1965m-words#@say1965m#481.524#481.808
из;из;ADP;_;_;_;_;_;@say1965m-words#@say1965m#481.808#482.092
них;они;PRON;_;Case=Gen|Number=Plur|Person=3;_;_;_;@say1965m-words#@say1965m#482.092#482.376
на;на;ADP;_;_;_;_;_;@say1965m-words#@say1965m#482.376#482.66
самом;самый;ADJ;_;Case=Loc|Degree=Pos|Gender=Neut|Number=Sing;_;_;_;@say1965m-words#@say1965m#482.66#482.944
деле;дело;NOUN;_;Animacy=Inan|Case=Loc|Gender=Neut|Number=Sing;_;_;_;@say1965m-words#@say1965m#482.944#483.228
они;они;PRON;_;Case=Nom|Number=Plur|Person=3;_;_;_;@say1965m-words#@say1965m#483.228#483.512
/;/;PUNCT;_;_;_;_;_;@say1965m-words#@say1965m#483.512#483.796
ааа;ааа;INTJ;_;_;_;_;_;@say1965m-words#@say1965m#483.796#484.08
поскольку;поскольку;SCONJ;_;_;_;_;_;@say1965m-words#@say1965m#484.08#484.364
/;/;PUNCT;_;_;_;_;_;@say1965m-words#@say1965m#484.364#484.648
наша;мы;DET;_;Case=Gen|Gender=Fem|Number=Sing;_;_;_;@say1965m-words#@say1965m#484.648#484.932
отрасль;отрасль;NOUN;_;Animacy=Inan|Case=Nom|Gender=Fem|Number=Sing;_;_;_;@say1965m-words#@say1965m#484.932#485.216
она;она;PRON;_;Case=Nom|Gender=Fem|Number=Sing|Person=3;_;_;_;@say1965m-words#@say1965m#485.216#485.5
все-таки;все-таки;PART;_;_;_;_;_;@say1965m-words#@say1965m#485.5#485.784
пока;пока;INTJ;_;_;_;_;_;@say1965m-words#@say1965m#485.784#486.068
/;/;PUNCT;_;_;_;_;_;@say1965m-words#@say1965m#486.068#486.352
не;не;PART;_;Polarity=Neg;_;_;_;@say1965m-words#@say1965m#486.352#486.636
публичная;публичный;ADJ;_;Case=Nom|Degree=Pos|Gender=Fem|Number=Sing;_;_;_;@say1965m-words#@say1965m#486.636#486.92
/;/;PUNCT;_;_;_;_;_;@say1965m-words#@say1965m#486.92#487.204
и;и;CCONJ;_;_;_;_;_;@say1965m-words#@say1965m#487.204#487.488
тех;тот;DET;_;Case=Gen|Number=Plur;_;_;_;@say1965m-words#@say1965m#487.488#487.772
игроков;игрок;NOUN;_;Animacy=Anim|Case=Acc|Gender=Masc|Number=Plur;_;_;_;@say1965m-words#@say1965m#487.772#488.056
которые;который;DET;_;Case=Nom|Number=Plur;_;_;_;@say1965m-words#@say1965m#488.056#488.34
реально;реально;ADV;_;Degree=Pos;_;_;_;@say1965m-words#@say1965m#488.34#488.624
там;там;ADV;_;Degree=Pos;_;_;_;@say1965m-words#@say1965m#488.624#488.908
/;/;PUNCT;_;_;_;_;_;@say1965m-words#@say1965m#488.908#489.192
ааа;ааа;CCONJ;_;_;_;_;_;@say1965m-words#@say1965m#489.192#489.476
/;/;PUNCT;_;_;_;_;_;@say1965m-words#@say1965m#489.476#489.76
привлекают;привлекать;VERB;_;Aspect=Imp|Mood=Ind|Number=Plur|Person=3|Tense=Pres|VerbForm=Fin|Voice=Act;_;_;_;@say1965m-words#@say1965m#489.76#490.044
деньги;деньги;NOUN;_;Animacy=Inan|Case=Acc|Number=Plur;_;_;_;@say1965m-words#@say1965m#490.044#490.328
на;на;ADP;_;_;_;_;_;@say1965m-words#@say1965m#490.328#490.612
открытом;открытый;ADJ;_;Case=Loc|Degree=Pos|Gender=Masc|Number=Sing;_;_;_;@say1965m-words#@say1965m#490.612#490.896
рынке;рынок;NOUN;_;Animacy=Inan|Case=Loc|Gender=Masc|Number=Sing;_;_;_;@say1965m-words#@say1965m#490.896#491.18
их;они;DET;_;Case=Gen|Number=Plur;_;_;_;@say1965m-words#@say1965m#491.18#491.464
практически;практически;ADV;_;Degree=Pos;_;_;_;@say1965m-words#@say1965m#491.464#491.748
нету;нет;INTJ;_;_;_;_;_;@say1965m-words#@say1965m#491.748#492.032
/;/;PUNCT;_;_;_;_;_;@say1965m-words#@say1965m#492.032#492.316
поэтому;поэтому;ADV;_;Degree=Pos;_;_;_;@say1965m-words#@say1965m#492.316#492.6
вот;вот;PART;_;_;_;_;_;@say1965m-words#@say1965m#492.6#492.884
этой;это;DET;_;Case=Gen|Gender=Fem|Number=Sing;_;_;_;@say1965m-words#@say1965m#492.884#493.168
информации;информация;NOUN;_;Animacy=Inan|Case=Dat|Gender=Fem|Number=Sing;_;_;_;@say1965m-words#@say1965m#493.168#493.452
к;к;ADP;_;_;_;_;_;@say1965m-words#@say1965m#493.452#493.736
сожалению;сожаление;NOUN;_;Animacy=Inan|Case=Dat|Gender=Neut|Number=Sing;_;_;_;@say1965m-words#@say1965m#493.736#494.02
приходится;приходиться;VERB;_;Aspect=Imp|Mood=Ind|Number=Sing|Person=3|Tense=Pres|VerbForm=Fin|Voice=Pass;_;_;_;@say1965m-words#@say1965m#494.02#494.304
верить;верить;VERB;_;Aspect=Imp|VerbForm=Inf|Voice=Act;_;_;_;@say1965m-words#@say1965m#494.304#494.588
только;только;PART;_;_;_;_;_;@say1965m-words#@say1965m#494.588#494.872
вот;вот;PART;_;_;_;_;_;@say1965m-words#@say1965m#494.872#495.156
/;/;PUNCT;_;_;_;_;_;@say1965m-words#@say1965m#495.156#495.44
ааа;ааа;INTJ;_;_;_;_;_;@say1965m-words#@say1965m#495.44#495.724
разговария;разговаривать;VERB;_;Aspect=Imp|Tense=Pres|VerbForm=Conv|Voice=Act;_;_;_;@say1965m-words#@say1965m#495.724#496.008
с;с;ADP;_;_;_;_;_;@say1965m-words#@say1965m#496.008#496.292
экспертами;эксперт;NOUN;_;Animacy=Anim|Case=Ins|Gender=Masc|Number=Plur;_;_;_;@say1965m-words#@say1965m#496.292#496.576
рынка;рынок;NOUN;_;Animacy=Inan|Case=Gen|Gender=Masc|Number=Sing;_;_;_;@say1965m-words#@say1965m#496.576#496.899
то;то;SCONJ;_;_;_;_;_;@isg1963m-words#@isg1963m#207.782#208.108
е...;е ;X;_;_;_;_;_;@isg1963m-words#@isg1963m#208.108#208.434
в;в;ADP;_;_;_;_;_;@isg1963m-words#@isg1963m#208.434#208.76
этом;этот;DET;_;Case=Loc|Gender=Neut|Number=Sing;_;_;_;@isg1963m-words#@isg1963m#208.76#209.086
основная;основной;ADJ;_;Case=Nom|Degree=Pos|Gender=Fem|Number=Sing;_;_;_;@isg1963m-words#@isg1963m#209.086#209.412
причина;причина;NOUN;_;Animacy=Inan|Case=Nom|Gender=Fem|Number=Sing;_;_;_;@isg1963m-words#@isg1963m#209.412#209.738
/;/;PUNCT;_;_;_;_;_;@isg1963m-words#@isg1963m#209.738#210.064
того;то;PRON;_;Case=Gen|Gender=Neut|Number=Sing;_;_;_;@isg1963m-words#@isg1963m#210.064#210.39
что;что;SCONJ;_;_;_;_;_;@isg1963m-words#@isg1963m#210.39#210.716
авиакомпании;авиакомпания;NOUN;_;Animacy=Inan|Case=Nom|Gender=Fem|Number=Plur;_;_;_;@isg1963m-words#@isg1963m#210.716#211.042
настолько;настолько;ADV;_;Degree=Pos;_;_;_;@isg1963m-words#@isg1963m#211.042#211.368
как;как;SCONJ;_;_;_;_;_;@isg1963m-words#@isg1963m#211.368#211.694
говорится;говорить;VERB;_;Aspect=Imp|Mood=Ind|Number=Sing|Person=3|Tense=Pres|VerbForm=Fin|Voice=Pass;_;_;_;@isg1963m-words#@isg1963m#211.694#212.02
/;/;PUNCT;_;_;_;_;_;@isg1963m-words#@isg1963m#212.02#212.346
ааа;ааа;INTJ;_;_;_;_;_;@isg1963m-words#@isg1963m#212.346#212.672
полагаются;полагаться;VERB;_;Aspect=Imp|Mood=Ind|Number=Plur|Person=3|Tense=Pres|VerbForm=Fin|Voice=Pass;_;_;_;@isg1963m-words#@isg1963m#212.672#212.998
на;на;ADP;_;_;_;_;_;@isg1963m-words#@isg1963m#212.998#213.324
сервис;сервис;NOUN;_;Animacy=Inan|Case=Acc|Gender=Masc|Number=Sing;_;_;_;@isg1963m-words#@isg1963m#213.324#213.65
онлайн;онлайн;ADV;_;Degree=Pos;_;_;_;@isg1963m-words#@isg1963m#213.65#213.976
продажи;продажа;NOUN;_;Animacy=Inan|Case=Gen|Gender=Fem|Number=Plur;_;_;_;@isg1963m-words#@isg1963m#213.976#214.302
билетов;билет;NOUN;_;Animacy=Inan|Case=Gen|Gender=Masc|Number=Plur;_;_;_;@isg1963m-words#@isg1963m#214.302#214.628
/;/;PUNCT;_;_;_;_;_;@isg1963m-words#@isg1963m#214.628#214.954
то;то;SCONJ;_;_;_;_;_;@isg1963m-words#@isg1963m#214.954#215.28
есть;быть;VERB;_;Aspect=Imp|Mood=Ind|Number=Sing|Person=3|Tense=Pres|VerbForm=Fin|Voice=Act;_;_;_;@isg1963m-words#@isg1963m#215.28#215.606
им;они;PRON;_;Case=Dat|Number=Plur|Person=3;_;_;_;@isg1963m-words#@isg1963m#215.606#215.932
просто;просто;PART;_;_;_;_;_;@isg1963m-words#@isg1963m#215.932#216.258
ммм;ммм;INTJ;_;_;_;_;_;@isg1963m-words#@isg1963m#216.258#216.592
достаточно;достаточно;ADV;_;Degree=Pos;_;_;_;@isg1963m-words#@isg1963m#216.654#217.043
большие;большой;ADJ;_;Case=Nom|Degree=Pos|Number=Plur;_;_;_;@isg1963m-words#@isg1963m#217.043#217.432
расходы;расход;NOUN;_;Animacy=Inan|Case=Nom|Gender=Masc|Number=Plur;_;_;_;@isg1963m-words#@isg1963m#217.432#217.821
на;на;ADP;_;_;_;_;_;@isg1963m-words#@isg1963m#217.821#218.21
перестройку;перестройка;NOUN;_;Animacy=Inan|Case=Acc|Gender=Fem|Number=Sing;_;_;_;@isg1963m-words#@isg1963m#218.21#218.599
собственного;собственный;ADJ;_;Case=Gen|Degree=Pos|Gender=Masc|Number=Sing;_;_;_;@isg1963m-words#@isg1963m#218.599#218.988
бизнеса;бизнес;NOUN;_;Animacy=Inan|Case=Gen|Gender=Masc|Number=Sing;_;_;_;@isg1963m-words#@isg1963m#218.888#219.38
?;?;PUNCT;_;_;_;_;_;@isg1963m-words#@isg1963m#218.988#219.38
я;я;PRON;_;Case=Nom|Number=Sing|Person=1;_;_;_;@isg1963m-words#@isg1963m#220.022#220.358
просто;просто;PART;_;_;_;_;_;@isg1963m-words#@isg1963m#220.358#220.694
при...;при;X;_;_;_;_;_;@isg1963m-words#@isg1963m#220.694#221.03
имею;иметь;VERB;_;Aspect=Imp|Mood=Ind|Number=Sing|Person=1|Tense=Pres|VerbForm=Fin|Voice=Act;_;_;_;@isg1963m-words#@isg1963m#221.03#221.366
перед;перед;ADP;_;_;_;_;_;@isg1963m-words#@isg1963m#221.366#221.702
собой;себя;PRON;_;Case=Ins;_;_;_;@isg1963m-words#@isg1963m#221.702#222.038
пример;пример;NOUN;_;Animacy=Inan|Case=Acc|Gender=Masc|Number=Sing;_;_;_;@isg1963m-words#@isg1963m#222.038#222.374
очень;очень;ADV;_;Degree=Pos;_;_;_;@isg1963m-words#@isg1963m#222.374#222.71
интересный;интересный;ADJ;_;Case=Acc|Degree=Pos|Gender=Masc|Number=Sing;_;_;_;@isg1963m-words#@isg1963m#222.71#223.046
/;/;PUNCT;_;_;_;_;_;@isg1963m-words#@isg1963m#223.046#223.382
ааа;ааа;INTJ;_;_;_;_;_;@isg1963m-words#@isg1963m#223.382#223.718
платежных;платежный;ADJ;_;Case=Gen|Degree=Pos|Number=Plur;_;_;_;@isg1963m-words#@isg1963m#223.718#224.054
систем;система;NOUN;_;Animacy=Inan|Case=Gen|Gender=Fem|Number=Plur;_;_;_;@isg1963m-words#@isg1963m#224.054#224.39
и;и;CCONJ;_;_;_;_;_;@isg1963m-words#@isg1963m#224.39#224.726
банков;банк;NOUN;_;Animacy=Inan|Case=Gen|Gender=Masc|Number=Plur;_;_;_;@isg1963m-words#@isg1963m#224.726#225.066
а;а;CCONJ;_;_;_;_;_;@isg1963m-words#@isg1963m#225.516#225.795
банки;банк;NOUN;_;Animacy=Inan|Case=Acc|Gender=Masc|Number=Plur;_;_;_;@isg1963m-words#@isg1963m#225.795#226.074
начали;начать;VERB;_;Aspect=Perf|Mood=Ind|Number=Plur|Tense=Past|VerbForm=Fin|Voice=Act;_;_;_;@isg1963m-words#@isg1963m#226.074#226.353
развивать;развивать;VERB;_;Aspect=Imp|VerbForm=Inf|Voice=Act;_;_;_;@isg1963m-words#@isg1963m#226.353#226.632
онлайн;онлайн;ADV;_;Degree=Pos;_;_;_;@isg1963m-words#@isg1963m#226.632#226.911
банкинг;банкинг;NOUN;_;Animacy=Inan|Case=Acc|Gender=Masc|Number=Sing;_;_;_;@isg1963m-words#@isg1963m#226.911#227.19
который;который;DET;_;Case=Nom|Number=Sing ;_;_;_;@isg1963m-words#@isg1963m#227.19#227.469
по;по;ADP;_;_;_;_;_;@isg1963m-words#@isg1963m#227.469#227.748
функционалу;функционал;NOUN;_;Animacy=Inan|Case=Dat|Gender=Masc|Number=Sing;_;_;_;@isg1963m-words#@isg1963m#227.748#228.027
в;в;ADP;_;_;_;_;_;@isg1963m-words#@isg1963m#228.027#228.306
онлайне;онлайн;NOUN;_;Animacy=Inan|Case=Loc|Gender=Masc|Number=Sing;_;_;_;@isg1963m-words#@isg1963m#228.306#228.585
стал;стать;VERB;_;Aspect=Perf|Gender=Masc|Mood=Ind|Number=Sing|Tense=Past|VerbForm=Fin|Voice=Act;_;_;_;@isg1963m-words#@isg1963m#228.585#228.864
/;/;PUNCT;_;_;_;_;_;@isg1963m-words#@isg1963m#228.864#229.143
ааа;ааа;INTJ;_;_;_;_;_;@isg1963m-words#@isg1963m#229.143#229.422
/;/;PUNCT;_;_;_;_;_;@isg1963m-words#@isg1963m#229.422#229.701
вровень;вровень;ADV;_;Degree=Pos;_;_;_;@isg1963m-words#@isg1963m#229.701#229.98
с;с;ADP;_;_;_;_;_;@isg1963m-words#@isg1963m#229.98#230.259
платежными;платежный;ADJ;_;Case=Ins|Degree=Pos|Number=Plur;_;_;_;@isg1963m-words#@isg1963m#230.259#230.538
/;/;PUNCT;_;_;_;_;_;@isg1963m-words#@isg1963m#230.538#230.817
ммм;ммм;INTJ;_;_;_;_;_;@isg1963m-words#@isg1963m#230.817#231.096
эээ;эээ;INTJ;_;_;_;_;_;@isg1963m-words#@isg1963m#231.096#231.375
системами;система;NOUN;_;Animacy=Inan|Case=Ins|Gender=Fem|Number=Plur;_;_;_;@isg1963m-words#@isg1963m#231.375#231.654
с;с;ADP;_;_;_;_;_;@isg1963m-words#@isg1963m#231.654#231.933
там;там;ADV;_;Degree=Pos;_;_;_;@isg1963m-words#@isg1963m#231.933#232.212
/;/;PUNCT;_;_;_;_;_;@isg1963m-words#@isg1963m#232.212#232.491
с;с;ADP;_;_;_;_;_;@isg1963m-words#@isg1963m#232.491#232.77
предположим;предположить;VERB;_;Aspect=Perf|Mood=Ind|Number=Plur|Person=1|Tense=Fut|VerbForm=Fin|Voice=Act;_;_;_;@isg1963m-words#@isg1963m#232.77#233.049
с;с;ADP;_;_;_;_;_;@isg1963m-words#@isg1963m#233.049#233.328
теми;тот;DET;_;Case=Ins|Number=Plur;_;_;_;@isg1963m-words#@isg1963m#233.328#233.607
же;же;PART;_;_;_;_;_;@isg1963m-words#@isg1963m#233.607#233.886
яндекс;яндекс;PROPN;_;Animacy=Inan|Case=Nom|Gender=Masc|Number=Sing;_;_;_;@isg1963m-words#@isg1963m#233.886#234.165
деньгами;деньги;NOUN;_;Animacy=Inan|Case=Ins|Number=Plur;_;_;_;@isg1963m-words#@isg1963m#234.165#234.444
/;/;PUNCT;_;_;_;_;_;@isg1963m-words#@isg1963m#234.444#234.723
даже;даже;PART;_;_;_;_;_;@isg1963m-words#@isg1963m#234.723#235.002
иногда;иногда;ADV;_;Degree=Pos;_;_;_;@isg1963m-words#@isg1963m#235.002#235.281
в;в;ADP;_;_;_;_;_;@isg1963m-words#@isg1963m#235.281#235.56
чем-то;что-то;PRON;_;Case=Loc;_;_;_;@isg1963m-words#@isg1963m#235.56#235.839
/;/;PUNCT;_;_;_;_;_;@isg1963m-words#@isg1963m#235.839#236.118
п...;превышать;VERB;_;Aspect=Imp|VerbForm=Inf|Voice=Act;_;_;_;@isg1963m-words#@isg1963m#236.118#236.397
превышать;превышать;VERB;;Aspect=Imp|VerbForm=Inf|Voice=Act;;;;@isg1963m-words#@isg1963m#236.218#236.397
ну;ну;PART;_;_;_;_;_;@isg1963m-words#@isg1963m#236.397#236.676
или;или;CCONJ;_;_;_;_;_;@isg1963m-words#@isg1963m#236.676#236.955
как;как;SCONJ;_;_;_;_;_;@isg1963m-words#@isg1963m#236.955#237.234
минимум;минимум;NOUN;_;Animacy=Inan|Case=Nom|Gender=Masc|Number=Sing;_;_;_;@isg1963m-words#@isg1963m#237.234#237.513
вровень;вровень;ADV;_;Degree=Pos;_;_;_;@isg1963m-words#@isg1963m#237.513#237.829
а;а;CCONJ;_;_;_;_;_;@isg1963m-words#@isg1963m#238.308#238.566
тут;тут;ADV;_;Degree=Pos;_;_;_;@isg1963m-words#@isg1963m#238.566#238.824
ситуация;ситуация;NOUN;_;Animacy=Inan|Case=Nom|Gender=Fem|Number=Sing;_;_;_;@isg1963m-words#@isg1963m#238.824#239.082
когда;когда;SCONJ;_;_;_;_;_;@isg1963m-words#@isg1963m#239.082#239.34
не;не;PART;_;Polarity=Neg;_;_;_;@isg1963m-words#@isg1963m#239.34#239.598
стали;стать;VERB;_;Aspect=Perf|Mood=Ind|Number=Plur|Tense=Past|VerbForm=Fin|Voice=Act;_;_;_;@isg1963m-words#@isg1963m#239.598#239.856
опираться;опираться;VERB;_;Aspect=Imp|VerbForm=Inf|Voice=Act;_;_;_;@isg1963m-words#@isg1963m#239.856#240.114
на;на;ADP;_;_;_;_;_;@isg1963m-words#@isg1963m#240.114#240.372
сторонние;сторонний;ADJ;_;Case=Acc|Degree=Pos|Number=Plur;_;_;_;@isg1963m-words#@isg1963m#240.372#240.63
сервисы;сервис;NOUN;_;Animacy=Inan|Case=Acc|Gender=Masc|Number=Plur;_;_;_;@isg1963m-words#@isg1963m#240.63#240.888
а;а;CCONJ;_;_;_;_;_;@isg1963m-words#@isg1963m#240.888#241.146
только;только;PART;_;_;_;_;_;@isg1963m-words#@isg1963m#241.146#241.404
под;под;ADP;_;_;_;_;_;@isg1963m-words#@isg1963m#241.404#241.662
себя;себя;PRON;_;Case=Acc;_;_;_;@isg1963m-words#@isg1963m#241.662#241.92
/;/;PUNCT;_;_;_;_;_;@isg1963m-words#@isg1963m#241.92#242.178
то;то;SCONJ;_;_;_;_;_;@isg1963m-words#@isg1963m#242.178#242.436
есть;быть;VERB;_;Aspect=Imp|Mood=Ind|Number=Sing|Person=3|Tense=Pres|VerbForm=Fin|Voice=Act;_;_;_;@isg1963m-words#@isg1963m#242.436#242.694
у;у;ADP;_;_;_;_;_;@isg1963m-words#@isg1963m#242.694#242.952
авиакомпаний;авиакомпания;NOUN;_;Animacy=Inan|Case=Gen|Gender=Fem|Number=Plur;_;_;_;@isg1963m-words#@isg1963m#242.952#243.21
не;не;PART;_;Polarity=Neg;_;_;_;@isg1963m-words#@isg1963m#243.21#243.468
такая;такой;DET;_;Case=Nom|Gender=Fem|Number=Sing;_;_;_;@isg1963m-words#@isg1963m#243.468#243.726
ситуация;ситуация;NOUN;_;Animacy=Inan|Case=Nom|Gender=Fem|Number=Sing;_;_;_;@isg1963m-words#@isg1963m#243.726#243.991
?;?;PUNCT;_;_;_;_;_;@isg1963m-words#@isg1963m#243.891#243.991
угу;угу;INTJ;_;_;_;_;_;@isg1963m-words#@isg1963m#248.991#249.381
да;да;CCONJ;_;_;_;_;_;@isg1963m-words#@isg1963m#250.725#250.938
угу;угу;INTJ;_;_;_;_;_;@isg1963m-words#@isg1963m#260.088#260.308
угу;угу;INTJ;_;_;_;_;_;@isg1963m-words#@isg1963m#265.746#266.128
угу;угу;INTJ;_;_;_;_;_;@isg1963m-words#@isg1963m#284.356#284.652
угу;угу;INTJ;_;_;_;_;_;@isg1963m-words#@isg1963m#309.711#310.384
ну;ну;PART;_;_;_;_;_;@isg1963m-words#@isg1963m#323.775#324.099
вот;вот;PART;_;_;_;_;_;@isg1963m-words#@isg1963m#324.099#324.423
если;если;SCONJ;_;_;_;_;_;@isg1963m-words#@isg1963m#324.423#324.747
говорить;говорить;VERB;_;Aspect=Imp|VerbForm=Inf|Voice=Act;_;_;_;@isg1963m-words#@isg1963m#324.747#325.071
да;да;INTJ;_;_;_;_;_;@isg1963m-words#@isg1963m#325.071#325.395
об;о;ADP;_;_;_;_;_;@isg1963m-words#@isg1963m#325.395#325.719
этой;этот;DET;_;Case=Loc|Gender=Fem|Number=Sing;_;_;_;@isg1963m-words#@isg1963m#325.719#326.043
доле;доля;NOUN;_;Animacy=Inan|Case=Loc|Gender=Fem|Number=Sing;_;_;_;@isg1963m-words#@isg1963m#326.043#326.367
/;/;PUNCT;_;_;_;_;_;@isg1963m-words#@isg1963m#326.367#326.691
ааа;ааа;INTJ;_;_;_;_;_;@isg1963m-words#@isg1963m#326.691#327.015
ммм;ммм;INTJ;_;_;_;_;_;@isg1963m-words#@isg1963m#327.015#327.339
/;/;PUNCT;_;_;_;_;_;@isg1963m-words#@isg1963m#327.339#327.663
онлайн;онлайн;ADV;_;Degree=Pos;_;_;_;@isg1963m-words#@isg1963m#327.663#327.987
агентских;агентский;ADJ;_;Case=Gen|Degree=Pos|Number=Plur;_;_;_;@isg1963m-words#@isg1963m#327.987#328.311
продаж;продажа;NOUN;_;Animacy=Inan|Case=Gen|Gender=Fem|Number=Plur;_;_;_;@isg1963m-words#@isg1963m#328.311#328.635
котор...;который;DET;_;_;_;_;_;@isg1963m-words#@isg1963m#328.635#328.959
и;и;CCONJ;_;_;_;_;_;@isg1963m-words#@isg1963m#328.635#328.959
тоже;тоже;CCONJ;_;_;_;_;_;@isg1963m-words#@isg1963m#328.959#329.283
по;по;ADP;_;_;_;_;_;@isg1963m-words#@isg1963m#329.283#329.607
моим;я;DET;_;Case=Dat|Number=Plur;_;_;_;@isg1963m-words#@isg1963m#329.607#329.931
сведениям;сведение;NOUN;_;Animacy=Inan|Case=Dat|Gender=Neut|Number=Plur;_;_;_;@isg1963m-words#@isg1963m#329.931#330.255
двадцать;двадцать;NUM;_;Case=Acc;_;_;_;@isg1963m-words#@isg1963m#330.255#330.579
тридцать;тридцать;NUM;_;Case=Acc;_;_;_;@isg1963m-words#@isg1963m#330.579#330.903
процентов;процент;NOUN;_;Animacy=Inan|Case=Gen|Gender=Masc|Number=Plur;_;_;_;@isg1963m-words#@isg1963m#330.903#331.227
сейчас;сейчас;ADV;_;Degree=Pos;_;_;_;@isg1963m-words#@isg1963m#331.227#331.551
составляет;составлять;VERB;_;Aspect=Imp|Mood=Ind|Number=Sing|Person=3|Tense=Pres|VerbForm=Fin|Voice=Act;_;_;_;@isg1963m-words#@isg1963m#331.551#331.875
/;/;PUNCT;_;_;_;_;_;@isg1963m-words#@isg1963m#331.875#332.199
можно;можно;PRED;_;Degree=Pos;_;_;_;@isg1963m-words#@isg1963m#332.199#332.523
составить;составить;VERB;_;Aspect=Perf|VerbForm=Inf|Voice=Act;_;_;_;@isg1963m-words#@isg1963m#332.523#332.847
картину;картина;NOUN;_;Animacy=Inan|Case=Acc|Gender=Fem|Number=Sing;_;_;_;@isg1963m-words#@isg1963m#332.847#333.171
кто;кто;PRON;_;_;_;_;_;@isg1963m-words#@isg1963m#333.171#333.495
/;/;PUNCT;_;_;_;_;_;@isg1963m-words#@isg1963m#333.495#333.819
ммм;ммм;INTJ;_;_;_;_;_;@isg1963m-words#@isg1963m#333.819#334.143
/;/;PUNCT;_;_;_;_;_;@isg1963m-words#@isg1963m#334.143#334.467
сейчас;сейчас;ADV;_;Degree=Pos;_;_;_;@isg1963m-words#@isg1963m#334.467#334.791
ведущие;ведущий;ADJ;_;Case=Nom|Degree=Pos|Number=Plur;_;_;_;@isg1963m-words#@isg1963m#334.791#335.115
игроки;игрок;NOUN;_;Animacy=Anim|Case=Nom|Gender=Masc|Number=Plur;_;_;_;@isg1963m-words#@isg1963m#335.115#335.439
и;и;CCONJ;_;_;_;_;_;@isg1963m-words#@isg1963m#335.439#335.763
какова;каков;DET;_;Gender=Fem|Number=Sing;_;_;_;@isg1963m-words#@isg1963m#335.763#336.087
/;/;PUNCT;_;_;_;_;_;@isg1963m-words#@isg1963m#336.087#336.411
их;они;DET;_;Case=Gen|Number=Plur;_;_;_;@isg1963m-words#@isg1963m#336.411#336.735
доля;доля;NOUN;_;Animacy=Inan|Case=Nom|Gender=Fem|Number=Sing;_;_;_;@isg1963m-words#@isg1963m#336.735#337.059
рынка;рынок;NOUN;_;Animacy=Inan|Case=Gen|Gender=Masc|Number=Sing;_;_;_;@isg1963m-words#@isg1963m#337.059#337.383
именно;именно;PART;_;_;_;_;_;@isg1963m-words#@isg1963m#337.383#337.707
в;в;ADP;_;_;_;_;_;@isg1963m-words#@isg1963m#337.707#338.031
этих;этот;DET;_;Case=Loc|Number=Plur;_;_;_;@isg1963m-words#@isg1963m#338.031#338.355
агентских;агентский;ADJ;_;Case=Loc|Degree=Pos|Number=Plur;_;_;_;@isg1963m-words#@isg1963m#338.355#338.679
продажах;продажа;NOUN;_;Animacy=Inan|Case=Loc|Gender=Fem|Number=Plur;_;_;_;@isg1963m-words#@isg1963m#338.679#339.025
онлайн;онлайн;ADV;_;Degree=Pos;_;_;_;@isg1963m-words#@isg1963m#339.275#339.712
продажах;продажа;NOUN;_;Animacy=Inan|Case=Loc|Gender=Fem|Number=Plur;_;_;_;@isg1963m-words#@isg1963m#339.712#340.15
угу;угу;INTJ;_;_;_;_;_;@isg1963m-words#@isg1963m#341.075#341.525
угу;угу;INTJ;_;_;_;_;_;@isg1963m-words#@isg1963m#344.6#345.42
угу;угу;INTJ;_;_;_;_;_;@isg1963m-words#@isg1963m#351.16#351.74
угу;угу;INTJ;_;_;_;_;_;@isg1963m-words#@isg1963m#366.6#367.16
угу;угу;INTJ;_;_;_;_;_;@isg1963m-words#@isg1963m#375.692#376.307
угу;угу;INTJ;_;_;_;_;_;@isg1963m-words#@isg1963m#429.166#429.766
#смеётся#;#смеётся#;X;_;_;_;_;_;@isg1963m-words#@isg1963m#477.983#478.633
