1	от	от	ADP	_	_	_	_	_	@say1965m-words#@say1965m#194.0#194.287
2	того	то	PRON	_	Animacy=Inan|Case=Gen|Gender=Neut|Number=Sing	_	_	_	@say1965m-words#@say1965m#194.287#194.574
3	насколько	насколько	ADV	_	Degree=Pos	_	_	_	@say1965m-words#@say1965m#194.574#194.861
4	у	у	ADP	_	_	_	_	_	@say1965m-words#@say1965m#194.861#195.148
5	них	они	PRON	_	Case=Gen|Number=Plur|Person=3	_	_	_	@say1965m-words#@say1965m#195.148#195.435
6	продвинутая	продвинуть	ADJ	_	Case=Nom|Degree=Pos|Gender=Fem|Number=Sing	_	_	_	@say1965m-words#@say1965m#195.435#195.722
7	команда	команда	NOUN	_	Animacy=Inan|Case=Nom|Gender=Fem|Number=Sing	_	_	_	@say1965m-words#@say1965m#195.722#196.009
8	/	/	PUNCT	_	_	_	_	_	@say1965m-words#@say1965m#196.009#196.296
9	потому	потому	ADV	_	Degree=Pos	_	_	_	@say1965m-words#@say1965m#196.296#196.583
10	что	что	SCONJ	_	_	_	_	_	@say1965m-words#@say1965m#196.583#196.87
11	/	/	PUNCT	_	_	_	_	_	@say1965m-words#@say1965m#196.87#197.157
12	ну	ну	PART	_	_	_	_	_	@say1965m-words#@say1965m#197.157#197.444
13	/	/	PUNCT	_	_	_	_	_	@say1965m-words#@say1965m#197.444#197.731
14	мы	мы	PRON	_	Case=Nom|Number=Plur|Person=1	_	_	_	@say1965m-words#@say1965m#197.731#198.018
15	/	/	PUNCT	_	_	_	_	_	@say1965m-words#@say1965m#198.018#198.305
16	мы	мы	PRON	_	Case=Nom|Number=Plur|Person=1	_	_	_	@say1965m-words#@say1965m#198.305#198.592
17	например	например	ADV	_	Degree=Pos	_	_	_	@say1965m-words#@say1965m#198.592#198.879
18	как	как	SCONJ	_	_	_	_	_	@say1965m-words#@say1965m#198.879#199.166
19	/	/	PUNCT	_	_	_	_	_	@say1965m-words#@say1965m#199.166#199.453
20	ээ	ээ	INTJ	_	_	_	_	_	@say1965m-words#@say1965m#199.453#199.74
21	крупный	крупный	ADJ	_	Case=Nom|Degree=Pos|Gender=Masc|Number=Sing	_	_	_	@say1965m-words#@say1965m#199.74#200.027
22	оффлайн	оффлайн	NOUN	_	Animacy=Inan|Case=Nom|Gender=Masc|Number=Sing	_	_	_	@say1965m-words#@say1965m#200.027#200.314
23	игрок	игрок	NOUN	_	Animacy=Anim|Case=Nom|Gender=Masc|Number=Sing	_	_	_	@say1965m-words#@say1965m#200.314#200.601
24	четко	четко	ADV	_	Degree=Pos	_	_	_	@say1965m-words#@say1965m#200.601#200.888
25	понимаем	понимать	VERB	_	Aspect=Imp|Mood=Ind|Number=Plur|Person=1|Tense=Pres|VerbForm=Fin|Voice=Act	_	_	_	@say1965m-words#@say1965m#200.888#201.175
26	что	что	PRON	_	Case=Acc	_	_	_	@say1965m-words#@say1965m#201.175#201.462
27	/	/	PUNCT	_	_	_	_	_	@say1965m-words#@say1965m#201.462#201.749
28	аа	а	NOUN	_	Animacy=Inan|Case=Gen|Gender=Masc|Number=Sing	_	_	_	@say1965m-words#@say1965m#201.749#202.036
29	вопрос	вопрос	NOUN	_	Animacy=Inan|Case=Nom|Gender=Masc|Number=Sing	_	_	_	@say1965m-words#@say1965m#202.036#202.323
30	онлайна	онлайн	NOUN	_	Animacy=Inan|Case=Gen|Gender=Masc|Number=Sing	_	_	_	@say1965m-words#@say1965m#202.323#202.61
31	/	/	PUNCT	_	_	_	_	_	@say1965m-words#@say1965m#202.61#202.897
32	это	это	PRON	_	Animacy=Inan|Case=Nom|Gender=Neut|Number=Sing	_	_	_	@say1965m-words#@say1965m#202.897#203.184
33	немножко	немножко	ADV	_	Degree=Pos	_	_	_	@say1965m-words#@say1965m#203.184#203.471
34	/	/	PUNCT	_	_	_	_	_	@say1965m-words#@say1965m#203.471#203.758
35	другая	другой	ADJ	_	Case=Nom|Degree=Pos|Gender=Fem|Number=Sing	_	_	_	@say1965m-words#@say1965m#203.758#204.045
36	сфера	сфера	NOUN	_	Animacy=Inan|Case=Nom|Gender=Fem|Number=Sing	_	_	_	@say1965m-words#@say1965m#204.045#204.332
37	то	то	PRON	_	Animacy=Inan|Case=Nom|Gender=Neut|Number=Sing	_	_	_	@say1965m-words#@say1965m#204.332#204.619
38	есть	быть	VERB	_	Aspect=Imp|Mood=Ind|Number=Sing|Person=3|Tense=Pres|VerbForm=Fin|Voice=Act	_	_	_	@say1965m-words#@say1965m#204.619#204.906
39	и	и	PART	_	_	_	_	_	@say1965m-words#@say1965m#204.906#205.193
40	обычно	обычно	ADV	_	Degree=Pos	_	_	_	@say1965m-words#@say1965m#205.193#205.48
41	положить	класть	VERB	_	Aspect=Perf|VerbForm=Inf|Voice=Act	_	_	_	@say1965m-words#@say1965m#205.48#205.767
42	оффлайн	оффлайн	NOUN	_	Animacy=Inan|Case=Acc|Gender=Masc|Number=Sing	_	_	_	@say1965m-words#@say1965m#205.767#206.054
43	бизнес	бизнес	NOUN	_	Animacy=Inan|Case=Acc|Gender=Masc|Number=Sing	_	_	_	@say1965m-words#@say1965m#206.054#206.341
44	в	в	ADP	_	_	_	_	_	@say1965m-words#@say1965m#206.341#206.628
45	онлайн	онлайн	NOUN	_	Animacy=Inan|Case=Acc|Gender=Masc|Number=Sing	_	_	_	@say1965m-words#@say1965m#206.628#206.915
46	бизнес	бизнес	NOUN	_	Animacy=Inan|Case=Acc|Gender=Masc|Number=Sing	_	_	_	@say1965m-words#@say1965m#206.915#207.202
47	достаточно	достаточно	ADV	_	Degree=Pos	_	_	_	@say1965m-words#@say1965m#207.202#207.489
48	сложно	сложный	ADJ	_	Degree=Pos|Gender=Neut|Number=Sing|Variant=Short	_	_	_	@say1965m-words#@say1965m#207.489#207.817
49	да	да	PART	_	_	_	_	_	@say1965m-words#@say1965m#215.974#216.202
50	/	/	PUNCT	_	_	_	_	_	@say1965m-words#@say1965m#216.202#216.43
51	но	но	CCONJ	_	_	_	_	_	@say1965m-words#@say1965m#216.43#216.658
52	мы	мы	PRON	_	Case=Nom|Number=Plur|Person=1	_	_	_	@say1965m-words#@say1965m#216.658#216.886
53	в	в	ADP	_	_	_	_	_	@say1965m-words#@say1965m#219.425#219.646
54	том	тот	DET	_	Case=Loc|Gender=Neut|Number=Sing	_	_	_	@say1965m-words#@say1965m#219.646#219.867
55	числе	число	NOUN	_	Animacy=Inan|Case=Loc|Gender=Neut|Number=Sing	_	_	_	@say1965m-words#@say1965m#219.867#220.088
56	вы	вы	PRON	_	Case=Nom|Number=Plur|Person=2	_	_	_	@say1965m-words#@say1965m#244.267#244.609
57	знаете	знать	VERB	_	Aspect=Imp|Mood=Ind|Number=Plur|Person=2|Tense=Pres|VerbForm=Fin|Voice=Act	_	_	_	@say1965m-words#@say1965m#244.609#244.951
58	/	/	PUNCT	_	_	_	_	_	@say1965m-words#@say1965m#244.951#245.293
59	они	они	PRON	_	Case=Nom|Number=Plur|Person=3	_	_	_	@say1965m-words#@say1965m#245.293#245.635
60	стараются	стараться	VERB	_	Aspect=Imp|Mood=Ind|Number=Plur|Person=3|Tense=Pres|VerbForm=Fin|Voice=Mid	_	_	_	@say1965m-words#@say1965m#245.635#245.977
61	со	с	ADP	_	_	_	_	_	@say1965m-words#@say1965m#245.977#246.319
62	своей	свой	DET	_	Case=Gen|Gender=Fem|Number=Sing	_	_	_	@say1965m-words#@say1965m#246.319#246.661
63	стороны	сторона	NOUN	_	Animacy=Inan|Case=Gen|Gender=Fem|Number=Sing	_	_	_	@say1965m-words#@say1965m#246.661#247.003
64	на	на	ADP	_	_	_	_	_	@say1965m-words#@say1965m#247.003#247.345
65	самом	самый	ADJ	_	Case=Loc|Degree=Pos|Gender=Neut|Number=Sing	_	_	_	@say1965m-words#@say1965m#247.345#247.687
66	деле	дело	NOUN	_	Animacy=Inan|Case=Loc|Gender=Neut|Number=Sing	_	_	_	@say1965m-words#@say1965m#247.687#248.029
67	/	/	PUNCT	_	_	_	_	_	@say1965m-words#@say1965m#248.029#248.371
68	активно	активно	ADV	_	Degree=Pos	_	_	_	@say1965m-words#@say1965m#248.371#248.713
69	равивать	равивать	VERB	_	Aspect=Imp|VerbForm=Inf|Voice=Act	_	_	_	@say1965m-words#@say1965m#248.713#249.055
70	эти	этот	DET	_	Case=Nom|Number=Plur	_	_	_	@say1965m-words#@say1965m#249.055#249.397
71	/	/	PUNCT	_	_	_	_	_	@say1965m-words#@say1965m#249.397#249.748
72	компетенци	компетенци	NOUN	_	Animacy=Anim|Case=Nom|Gender=Masc|Number=Plur	_	_	_	@say1965m-words#@say1965m#249.801#250.147
73	/	/	PUNCT	_	_	_	_	_	@say1965m-words#@say1965m#250.147#250.493
74	и	и	CCONJ	_	_	_	_	_	@say1965m-words#@say1965m#250.493#250.839
75	создавать	создавать	VERB	_	Aspect=Imp|VerbForm=Inf|Voice=Act	_	_	_	@say1965m-words#@say1965m#250.898#251.326
76	команды	команда	NOUN	_	Animacy=Inan|Case=Acc|Gender=Fem|Number=Plur	_	_	_	@say1965m-words#@say1965m#251.326#251.754
77	которые	который	PRON	_	Case=Nom	_	_	_	@say1965m-words#@say1965m#251.754#252.182
78	занимаются	заниматься	VERB	_	Aspect=Imp|Mood=Ind|Number=Plur|Person=3|Tense=Pres|VerbForm=Fin|Voice=Mid	_	_	_	@say1965m-words#@say1965m#252.182#252.61
79	этим	этот	DET	_	Case=Ins|Gender=Masc|Number=Sing	_	_	_	@say1965m-words#@say1965m#252.61#253.038
80	онлайном	онлайный	NOUN	_	Animacy=Inan|Case=Ins|Gender=Masc|Number=Sing	_	_	_	@say1965m-words#@say1965m#253.038#253.47
81	но	но	CCONJ	_	_	_	_	_	@say1965m-words#@say1965m#253.852#254.113
82	/	/	PUNCT	_	_	_	_	_	@say1965m-words#@say1965m#254.113#254.374
83	эээ	эээ	NOUN	_	Animacy=Inan|Case=Nom|Gender=Neut|Number=Sing	_	_	_	@say1965m-words#@say1965m#254.374#254.635
84	к	к	ADP	_	_	_	_	_	@say1965m-words#@say1965m#254.635#254.896
85	большому	большой	ADJ	_	Case=Dat|Degree=Pos|Gender=Neut|Number=Sing	_	_	_	@say1965m-words#@say1965m#254.896#255.157
86	/	/	PUNCT	_	_	_	_	_	@say1965m-words#@say1965m#255.157#255.418
87	сожалению	сожаление	NOUN	_	Animacy=Inan|Case=Dat|Gender=Neut|Number=Sing	_	_	_	@say1965m-words#@say1965m#255.418#255.679
88	может	мочь	VERB	_	Aspect=Imp|Mood=Ind|Number=Sing|Person=3|Tense=Pres|VerbForm=Fin|Voice=Act	_	_	_	@say1965m-words#@say1965m#255.679#255.94
89	быть	быть	AUX	_	Aspect=Imp|VerbForm=Inf|Voice=Act	_	_	_	@say1965m-words#@say1965m#255.94#256.201
90	для	для	ADP	_	_	_	_	_	@say1965m-words#@say1965m#256.201#256.462
91	них	они	PRON	_	Case=Gen|Number=Plur|Person=3	_	_	_	@say1965m-words#@say1965m#256.462#256.723
92	/	/	PUNCT	_	_	_	_	_	@say1965m-words#@say1965m#256.723#256.984
93	это	это	PRON	_	Animacy=Inan|Case=Nom|Gender=Neut|Number=Sing	_	_	_	@say1965m-words#@say1965m#256.984#257.245
94	не	не	PART	_	_	_	_	_	@say1965m-words#@say1965m#257.245#257.506
95	так	так	ADV	_	Degree=Pos	_	_	_	@say1965m-words#@say1965m#257.506#257.767
96	просто	просто	PART	_	_	_	_	_	@say1965m-words#@say1965m#257.767#258.028
97	сделать	делать	VERB	_	Aspect=Perf|VerbForm=Inf|Voice=Act	_	_	_	@say1965m-words#@say1965m#258.028#258.289
98	то	то	PRON	_	Animacy=Inan|Case=Nom|Gender=Neut|Number=Sing	_	_	_	@say1965m-words#@say1965m#258.289#258.55
99	есть	быть	VERB	_	Aspect=Imp|Mood=Ind|Number=Sing|Person=3|Tense=Pres|VerbForm=Fin|Voice=Act	_	_	_	@say1965m-words#@say1965m#258.55#258.811
100	это	это	PRON	_	Animacy=Inan|Case=Nom|Gender=Neut|Number=Sing	_	_	_	@say1965m-words#@say1965m#258.811#259.072
101	не	не	PART	_	_	_	_	_	@say1965m-words#@say1965m#259.072#259.333
102	такой	такой	DET	_	Case=Nom|Gender=Masc|Number=Sing	_	_	_	@say1965m-words#@say1965m#259.333#259.594
103	простой	простой	ADJ	_	Case=Nom|Degree=Pos|Gender=Masc|Number=Sing	_	_	_	@say1965m-words#@say1965m#259.594#259.855
104	бизнес	бизнес	NOUN	_	Animacy=Inan|Case=Nom|Gender=Masc|Number=Sing	_	_	_	@say1965m-words#@say1965m#259.855#260.125
105	поэтому	поэтому	ADV	_	Degree=Pos	_	_	_	@say1965m-words#@say1965m#260.133#260.42
106	в	в	ADP	_	_	_	_	_	@say1965m-words#@say1965m#260.42#260.707
107	данном	данный	ADJ	_	Case=Loc|Degree=Pos|Gender=Masc|Number=Sing	_	_	_	@say1965m-words#@say1965m#260.707#260.994
108	случае	случай	NOUN	_	Animacy=Inan|Case=Loc|Gender=Masc|Number=Sing	_	_	_	@say1965m-words#@say1965m#260.994#261.284
109	аа	ао	NOUN	_	Animacy=Inan|Case=Gen|Gender=Masc|Number=Sing	_	_	_	@say1965m-words#@say1965m#261.653#261.922
110	/	/	PUNCT	_	_	_	_	_	@say1965m-words#@say1965m#261.922#262.191
111	онлайн	онлайн	ADV	_	Degree=Pos	_	_	_	@say1965m-words#@say1965m#262.191#262.46
112	сервисы	сервис	NOUN	_	Animacy=Inan|Case=Nom|Gender=Masc|Number=Plur	_	_	_	@say1965m-words#@say1965m#262.46#262.729
113	на	на	ADP	_	_	_	_	_	@say1965m-words#@say1965m#262.729#262.998
114	некоторый	некоторый	DET	_	Case=Acc|Gender=Masc|Number=Sing	_	_	_	@say1965m-words#@say1965m#262.998#263.267
115	период	период	NOUN	_	Animacy=Inan|Case=Acc|Gender=Masc|Number=Sing	_	_	_	@say1965m-words#@say1965m#263.267#263.536
116	времени	время	NOUN	_	Animacy=Inan|Case=Gen|Gender=Neut|Number=Sing	_	_	_	@say1965m-words#@say1965m#263.536#263.805
117	я	я	PRON	_	Case=Nom|Number=Sing|Person=1	_	_	_	@say1965m-words#@say1965m#263.805#264.074
118	бы	бы	AUX	_	_	_	_	_	@say1965m-words#@say1965m#264.074#264.343
119	сказал	сказать	VERB	_	Aspect=Perf|Gender=Masc|Mood=Ind|Number=Sing|Tense=Past|VerbForm=Fin|Voice=Act	_	_	_	@say1965m-words#@say1965m#264.343#264.612
120	бы	бы	AUX	_	_	_	_	_	@say1965m-words#@say1965m#264.612#264.881
121	даже	даже	PART	_	_	_	_	_	@say1965m-words#@say1965m#264.881#265.15
122	вырвались	вырваться	VERB	_	Aspect=Perf|Mood=Ind|Number=Plur|Tense=Past|VerbForm=Fin|Voice=Mid	_	_	_	@say1965m-words#@say1965m#265.15#265.419
123	вперед	вперед	ADV	_	Degree=Pos	_	_	_	@say1965m-words#@say1965m#265.419#265.688
124	с	с	ADP	_	_	_	_	_	@say1965m-words#@say1965m#265.75#266.027
125	точки	точка	NOUN	_	Animacy=Inan|Case=Gen|Gender=Fem|Number=Sing	_	_	_	@say1965m-words#@say1965m#266.027#266.304
126	зрения	зрение	NOUN	_	Animacy=Inan|Case=Gen|Gender=Neut|Number=Sing	_	_	_	@say1965m-words#@say1965m#266.304#266.581
127	/	/	PUNCT	_	_	_	_	_	@say1965m-words#@say1965m#266.581#266.858
128	качества	качество	NOUN	_	Animacy=Inan|Case=Gen|Gender=Neut|Number=Sing	_	_	_	@say1965m-words#@say1965m#266.858#267.135
129	продукта	продукт	NOUN	_	Animacy=Inan|Case=Gen|Gender=Masc|Number=Sing	_	_	_	@say1965m-words#@say1965m#267.135#267.412
130	/	/	PUNCT	_	_	_	_	_	@say1965m-words#@say1965m#267.412#267.689
131	с	с	ADP	_	_	_	_	_	@say1965m-words#@say1965m#267.689#267.966
132	точки	точка	NOUN	_	Animacy=Inan|Case=Gen|Gender=Fem|Number=Sing	_	_	_	@say1965m-words#@say1965m#267.966#268.243
133	зрения	зрение	NOUN	_	Animacy=Inan|Case=Gen|Gender=Neut|Number=Sing	_	_	_	@say1965m-words#@say1965m#268.243#268.52
134	удобства	удобство	NOUN	_	Animacy=Inan|Case=Gen|Gender=Neut|Number=Sing	_	_	_	@say1965m-words#@say1965m#268.52#268.797
135	для	для	ADP	_	_	_	_	_	@say1965m-words#@say1965m#268.797#269.074
136	пользователей	пользователь	NOUN	_	Animacy=Anim|Case=Gen|Gender=Masc|Number=Plur	_	_	_	@say1965m-words#@say1965m#269.074#269.351
137	/	/	PUNCT	_	_	_	_	_	@say1965m-words#@say1965m#269.351#269.628
138	ну	ну	PART	_	_	_	_	_	@say1965m-words#@say1965m#269.628#269.905
139	и	и	CCONJ	_	_	_	_	_	@say1965m-words#@say1965m#269.905#270.182
140	плюс	плюс	NOUN	_	Animacy=Inan|Case=Nom|Gender=Masc|Number=Sing	_	_	_	@say1965m-words#@say1965m#270.182#270.459
141	ко	к	ADP	_	_	_	_	_	@say1965m-words#@say1965m#270.459#270.736
142	всему	все	PRON	_	Animacy=Inan|Case=Dat|Gender=Neut|Number=Sing	_	_	_	@say1965m-words#@say1965m#270.736#271.013
143	/	/	PUNCT	_	_	_	_	_	@say1965m-words#@say1965m#271.013#271.29
144	многие	много	NUM	_	_	_	_	_	@say1965m-words#@say1965m#271.29#271.567
145	из	из	ADP	_	_	_	_	_	@say1965m-words#@say1965m#271.567#271.844
146	них	они	PRON	_	Case=Gen|Number=Plur|Person=3	_	_	_	@say1965m-words#@say1965m#271.844#272.121
147	они	они	PRON	_	Case=Nom|Number=Plur|Person=3	_	_	_	@say1965m-words#@say1965m#272.121#272.398
148	выросли	вырасти	VERB	_	Aspect=Perf|Mood=Ind|Number=Plur|Tense=Past|VerbForm=Fin|Voice=Act	_	_	_	@say1965m-words#@say1965m#272.398#272.675
149	они	они	PRON	_	Case=Nom|Number=Plur|Person=3	_	_	_	@say1965m-words#@say1965m#272.675#272.952
150	из	из	ADP	_	_	_	_	_	@say1965m-words#@say1965m#272.952#273.229
151	интернет	интернет	NOUN	_	Animacy=Inan|Case=Nom|Gender=Masc|Number=Sing	_	_	_	@say1965m-words#@say1965m#273.229#273.506
152	бизнесов	бизнес	NOUN	_	Animacy=Inan|Case=Gen|Gender=Masc|Number=Plur	_	_	_	@say1965m-words#@say1965m#273.506#273.783
153	а	а	CCONJ	_	_	_	_	_	@say1965m-words#@say1965m#273.783#274.06
154	это	это	PRON	_	Animacy=Inan|Case=Nom|Gender=Neut|Number=Sing	_	_	_	@say1965m-words#@say1965m#274.06#274.337
155	означает	означать	VERB	_	Aspect=Imp|Mood=Ind|Number=Sing|Person=3|Tense=Pres|VerbForm=Fin|Voice=Act	_	_	_	@say1965m-words#@say1965m#274.337#274.614
156	на	на	ADP	_	_	_	_	_	@say1965m-words#@say1965m#274.614#274.891
157	самом	самый	ADJ	_	Case=Loc|Degree=Pos|Gender=Neut|Number=Sing	_	_	_	@say1965m-words#@say1965m#274.891#275.168
158	деле	дело	NOUN	_	Animacy=Inan|Case=Loc|Gender=Neut|Number=Sing	_	_	_	@say1965m-words#@say1965m#275.168#275.445
159	что	что	PRON	_	Case=Nom	_	_	_	@say1965m-words#@say1965m#275.445#275.722
160	/	/	PUNCT	_	_	_	_	_	@say1965m-words#@say1965m#275.722#275.999
161	они	они	PRON	_	Case=Nom|Number=Plur|Person=3	_	_	_	@say1965m-words#@say1965m#275.999#276.276
162	прекрасно	прекрасно	ADV	_	Degree=Pos	_	_	_	@say1965m-words#@say1965m#276.276#276.553
163	знают	знать	VERB	_	Aspect=Imp|Mood=Ind|Number=Plur|Person=3|Tense=Pres|VerbForm=Fin|Voice=Act	_	_	_	@say1965m-words#@say1965m#276.553#276.83
164	каким	какой	DET	_	Case=Ins|Gender=Masc|Number=Sing	_	_	_	@say1965m-words#@say1965m#276.83#277.107
165	образом	образ	NOUN	_	Animacy=Inan|Case=Ins|Gender=Masc|Number=Sing	_	_	_	@say1965m-words#@say1965m#277.107#277.384
166	привести	привести	VERB	_	Aspect=Perf|VerbForm=Inf|Voice=Act	_	_	_	@say1965m-words#@say1965m#277.384#277.661
167	аудиторию	аудитория	NOUN	_	Animacy=Inan|Case=Acc|Gender=Fem|Number=Sing	_	_	_	@say1965m-words#@say1965m#277.661#277.938
168	/	/	PUNCT	_	_	_	_	_	@say1965m-words#@say1965m#277.938#278.215
169	каким	какой	DET	_	Case=Ins|Gender=Masc|Number=Sing	_	_	_	@say1965m-words#@say1965m#278.215#278.492
170	образом	образ	NOUN	_	Animacy=Inan|Case=Ins|Gender=Masc|Number=Sing	_	_	_	@say1965m-words#@say1965m#278.492#278.769
171	ее	она	PRON	_	Case=Acc|Gender=Fem|Number=Sing|Person=3	_	_	_	@say1965m-words#@say1965m#278.769#279.046
172	удержать	удержать	VERB	_	Aspect=Perf|VerbForm=Inf|Voice=Act	_	_	_	@say1965m-words#@say1965m#279.046#279.323
173	эту	этот	DET	_	Case=Acc|Gender=Fem|Number=Sing	_	_	_	@say1965m-words#@say1965m#279.323#279.6
174	аудиторию	аудитория	NOUN	_	Animacy=Inan|Case=Acc|Gender=Fem|Number=Sing	_	_	_	@say1965m-words#@say1965m#279.6#279.877
175	/	/	PUNCT	_	_	_	_	_	@say1965m-words#@say1965m#279.877#280.154
176	и	и	CCONJ	_	_	_	_	_	@say1965m-words#@say1965m#280.154#280.431
177	как	как	ADV	_	Degree=Pos	_	_	_	@say1965m-words#@say1965m#280.431#280.708
178	наиболее	наиболее	ADV	_	Degree=Pos	_	_	_	@say1965m-words#@say1965m#280.708#280.985
179	эффективно	эффективный	ADJ	_	Degree=Pos|Gender=Neut|Number=Sing|Variant=Short	_	_	_	@say1965m-words#@say1965m#280.985#281.262
180	с	с	ADP	_	_	_	_	_	@say1965m-words#@say1965m#281.262#281.539
181	ней	она	PRON	_	Case=Ins|Gender=Fem|Number=Sing|Person=3	_	_	_	@say1965m-words#@say1965m#281.539#281.816
182	работать	работать	VERB	_	Aspect=Imp|VerbForm=Inf|Voice=Act	_	_	_	@say1965m-words#@say1965m#281.816#282.093
183	в	в	ADP	_	_	_	_	_	@say1965m-words#@say1965m#282.093#282.37
184	интернете	интернет	NOUN	_	Animacy=Inan|Case=Loc|Gender=Masc|Number=Sing	_	_	_	@say1965m-words#@say1965m#282.37#282.693
185	вот	вот	PART	_	_	_	_	_	@say1965m-words#@say1965m#283.052#283.296
186	но	но	ADV	_	Degree=Pos	_	_	_	@say1965m-words#@say1965m#283.296#283.54
187	/	/	PUNCT	_	_	_	_	_	@say1965m-words#@say1965m#283.54#283.784
188	возвращаясь	возвращаться	VERB	_	Aspect=Imp|Tense=Pres|VerbForm=Conv|Voice=Mid	_	_	_	@say1965m-words#@say1965m#283.784#284.028
189	опять	опять	ADV	_	Degree=Pos	_	_	_	@say1965m-words#@say1965m#284.028#284.272
190	же	же	PART	_	_	_	_	_	@say1965m-words#@say1965m#284.272#284.517
191	к	к	ADP	_	_	_	_	_	@say1965m-words#@say1965m#284.563#284.875
192	/	/	PUNCT	_	_	_	_	_	@say1965m-words#@say1965m#284.875#285.187
193	эээ	эээ	INTJ	_	_	_	_	_	@say1965m-words#@say1965m#285.187#285.499
194	первому	первый	ADJ	_	Case=Dat|Degree=Pos|Gender=Masc|Number=Sing	_	_	_	@say1965m-words#@say1965m#285.499#285.811
195	вопросу	вопрос	NOUN	_	Animacy=Inan|Case=Dat|Gender=Masc|Number=Sing	_	_	_	@say1965m-words#@say1965m#285.811#286.123
196	с	с	ADP	_	_	_	_	_	@say1965m-words#@say1965m#286.123#286.435
197	точки	точка	NOUN	_	Animacy=Inan|Case=Gen|Gender=Fem|Number=Sing	_	_	_	@say1965m-words#@say1965m#286.435#286.747
198	зрения	зрение	NOUN	_	Animacy=Inan|Case=Gen|Gender=Neut|Number=Sing	_	_	_	@say1965m-words#@say1965m#286.747#287.059
199	/	/	PUNCT	_	_	_	_	_	@say1965m-words#@say1965m#287.059#287.371
200	аа	а	NOUN	_	Animacy=Inan|Case=Gen|Gender=Masc|Number=Sing	_	_	_	@say1965m-words#@say1965m#287.371#287.683
201	роста	рост	NOUN	_	Animacy=Inan|Case=Gen|Gender=Masc|Number=Sing	_	_	_	@say1965m-words#@say1965m#287.683#287.995
202	вот	вот	PART	_	_	_	_	_	@say1965m-words#@say1965m#287.995#288.307
203	именно	именно	PART	_	_	_	_	_	@say1965m-words#@say1965m#288.307#288.619
204	онлайн	онлайн	NOUN	_	Animacy=Inan|Case=Nom|Gender=Masc|Number=Sing	_	_	_	@say1965m-words#@say1965m#288.619#288.931
205	продаж	продажа	NOUN	_	Animacy=Inan|Case=Gen|Gender=Fem|Number=Plur	_	_	_	@say1965m-words#@say1965m#288.931#289.253
206	в	в	ADP	_	_	_	_	_	@say1965m-words#@say1965m#289.633#289.87
207	целом	целое	NOUN	_	Animacy=Inan|Case=Loc|Gender=Neut|Number=Sing	_	_	_	@say1965m-words#@say1965m#289.87#290.107
208	вот	вот	PART	_	_	_	_	_	@say1965m-words#@say1965m#290.107#290.344
209	в	в	ADP	_	_	_	_	_	@say1965m-words#@say1965m#290.344#290.581
210	этом	этот	DET	_	Case=Loc|Gender=Masc|Number=Sing	_	_	_	@say1965m-words#@say1965m#290.581#290.818
211	году	год	NOUN	_	Animacy=Inan|Case=Loc|Gender=Masc|Number=Sing	_	_	_	@say1965m-words#@say1965m#290.818#291.056
212	аа	ао	NOUN	_	Animacy=Inan|Case=Gen|Gender=Masc|Number=Sing	_	_	_	@say1965m-words#@say1965m#291.476#291.769
213	/	/	PUNCT	_	_	_	_	_	@say1965m-words#@say1965m#291.769#292.062
214	из-за	из-за	ADP	_	_	_	_	_	@say1965m-words#@say1965m#292.062#292.355
215	тяжелой	тяжелый	ADJ	_	Case=Ins|Degree=Pos|Gender=Fem|Number=Sing	_	_	_	@say1965m-words#@say1965m#292.355#292.648
216	на	на	ADP	_	_	_	_	_	@say1965m-words#@say1965m#292.648#292.941
217	самом	самый	ADJ	_	Case=Loc|Degree=Pos|Gender=Neut|Number=Sing	_	_	_	@say1965m-words#@say1965m#292.941#293.234
218	деле	дело	NOUN	_	Animacy=Inan|Case=Loc|Gender=Neut|Number=Sing	_	_	_	@say1965m-words#@say1965m#293.234#293.527
219	вот	вот	PART	_	_	_	_	_	@say1965m-words#@say1965m#293.527#293.82
220	такой	такой	DET	_	Case=Gen|Gender=Fem|Number=Sing	_	_	_	@say1965m-words#@say1965m#293.82#294.113
221	ситуации	ситуация	NOUN	_	Animacy=Inan|Case=Gen|Gender=Fem|Number=Sing	_	_	_	@say1965m-words#@say1965m#294.113#294.406
222	в	в	ADP	_	_	_	_	_	@say1965m-words#@say1965m#294.406#294.699
223	/	/	PUNCT	_	_	_	_	_	@say1965m-words#@say1965m#294.699#294.992
224	экономике	экономика	NOUN	_	Animacy=Inan|Case=Loc|Gender=Fem|Number=Sing	_	_	_	@say1965m-words#@say1965m#294.992#295.285
225	политической	политический	ADJ	_	Case=Gen|Degree=Pos|Gender=Fem|Number=Sing	_	_	_	@say1965m-words#@say1965m#295.285#295.578
226	ситуации	ситуация	NOUN	_	Animacy=Inan|Case=Gen|Gender=Fem|Number=Sing	_	_	_	@say1965m-words#@say1965m#295.578#295.871
227	и	и	CCONJ	_	_	_	_	_	@say1965m-words#@say1965m#295.871#296.164
228	так	так	ADV	_	Degree=Pos	_	_	_	@say1965m-words#@say1965m#296.164#296.457
229	далее	далее	ADV	_	Degree=Pos	_	_	_	@say1965m-words#@say1965m#296.457#296.761
230	мы	мы	PRON	_	Case=Nom|Number=Plur|Person=1	_	_	_	@say1965m-words#@say1965m#296.976#297.256
231	прогнозируем	прогнозировать	VERB	_	Aspect=Imp|Mood=Ind|Number=Plur|Person=1|Tense=Pres|VerbForm=Fin|Voice=Act	_	_	_	@say1965m-words#@say1965m#297.256#297.536
232	что	что	PRON	_	Case=Acc	_	_	_	@say1965m-words#@say1965m#297.536#297.816
233	/	/	PUNCT	_	_	_	_	_	@say1965m-words#@say1965m#297.816#298.096
234	э	эра	INTJ	_	_	_	_	_	@say1965m-words#@say1965m#298.096#298.376
235	роста	рост	NOUN	_	Animacy=Inan|Case=Gen|Gender=Masc|Number=Sing	_	_	_	@say1965m-words#@say1965m#298.376#298.656
236	глобально	глобально	ADV	_	Degree=Pos	_	_	_	@say1965m-words#@say1965m#298.656#298.936
237	/	/	PUNCT	_	_	_	_	_	@say1965m-words#@say1965m#298.936#299.216
238	рынка	рынок	NOUN	_	Animacy=Inan|Case=Gen|Gender=Masc|Number=Sing	_	_	_	@say1965m-words#@say1965m#299.216#299.496
239	самого	сам	ADJ	_	Case=Gen|Degree=Pos|Gender=Masc|Number=Sing	_	_	_	@say1965m-words#@say1965m#299.496#299.776
240	виабилетов	виабилет	NOUN	_	Animacy=Inan|Case=Gen|Gender=Masc|Number=Plur	_	_	_	@say1965m-words#@say1965m#299.776#300.056
241	не	не	PART	_	_	_	_	_	@say1965m-words#@say1965m#300.056#300.336
242	будет	быть	AUX	_	Aspect=Imp|Mood=Ind|Number=Sing|Person=3|Tense=Pres|VerbForm=Fin|Voice=Act	_	_	_	@say1965m-words#@say1965m#300.336#300.616
243	он	он	PRON	_	Case=Nom|Gender=Masc|Number=Sing|Person=3	_	_	_	@say1965m-words#@say1965m#300.616#300.896
244	будет	быть	AUX	_	Aspect=Imp|Mood=Ind|Number=Sing|Person=3|Tense=Pres|VerbForm=Fin|Voice=Act	_	_	_	@say1965m-words#@say1965m#300.896#301.176
245	он	он	PRON	_	Case=Nom|Gender=Masc|Number=Sing|Person=3	_	_	_	@say1965m-words#@say1965m#301.176#301.456
246	будет	быть	AUX	_	Aspect=Imp|Mood=Ind|Number=Sing|Person=3|Tense=Pres|VerbForm=Fin|Voice=Act	_	_	_	@say1965m-words#@say1965m#301.456#301.736
247	где-то	где-то	ADV	_	Degree=Pos	_	_	_	@say1965m-words#@say1965m#301.736#302.016
248	в	в	ADP	_	_	_	_	_	@say1965m-words#@say1965m#302.016#302.296
249	нуле	нуль	NOUN	_	Animacy=Inan|Case=Loc|Gender=Masc|Number=Sing	_	_	_	@say1965m-words#@say1965m#302.296#302.576
250	плюс	плюс	ADP	_	_	_	_	_	@say1965m-words#@say1965m#302.576#302.856
251	минус	минус	NOUN	_	Animacy=Inan|Case=Acc|Gender=Masc|Number=Sing	_	_	_	@say1965m-words#@say1965m#302.856#303.136
252	колебаться	колебаться	VERB	_	Aspect=Imp|VerbForm=Inf|Voice=Mid	_	_	_	@say1965m-words#@say1965m#303.136#303.428
253	но	но	CCONJ	_	_	_	_	_	@say1965m-words#@say1965m#303.607#303.887
254	тем	то	PRON	_	Animacy=Inan|Case=Ins|Gender=Neut|Number=Sing	_	_	_	@say1965m-words#@say1965m#303.887#304.167
255	не	не	PART	_	Polarity=Neg	_	_	_	@say1965m-words#@say1965m#304.167#304.447
256	менее	менее	ADV	_	Degree=Cmp	_	_	_	@say1965m-words#@say1965m#304.447#304.727
257	онлайн	онлайн	ADV	_	Degree=Pos	_	_	_	@say1965m-words#@say1965m#304.727#305.007
258	/	/	PUNCT	_	_	_	_	_	@say1965m-words#@say1965m#305.007#305.287
259	сам	сам	ADJ	_	Case=Nom|Degree=Pos|Gender=Masc|Number=Sing	_	_	_	@say1965m-words#@say1965m#305.287#305.567
260	/	/	PUNCT	_	_	_	_	_	@say1965m-words#@say1965m#305.567#305.847
261	то	то	PRON	_	Animacy=Inan|Case=Nom|Gender=Neut|Number=Sing	_	_	_	@say1965m-words#@say1965m#305.847#306.127
262	есть	быть	VERB	_	Aspect=Imp|Mood=Ind|Number=Sing|Person=3|Tense=Pres|VerbForm=Fin|Voice=Act	_	_	_	@say1965m-words#@say1965m#306.127#306.407
263	/	/	PUNCT	_	_	_	_	_	@say1965m-words#@say1965m#306.407#306.687
264	он	он	PRON	_	Case=Nom|Gender=Masc|Number=Sing|Person=3	_	_	_	@say1965m-words#@say1965m#306.687#306.967
265	как	как	SCONJ	_	_	_	_	_	@say1965m-words#@say1965m#306.967#307.247
266	минимум	минимум	NOUN	_	Animacy=Inan|Case=Acc|Gender=Masc|Number=Sing	_	_	_	@say1965m-words#@say1965m#307.247#307.527
267	прирастет	прирасти	VERB	_	Aspect=Imp|Mood=Ind|Number=Sing|Person=3|Tense=Pres|VerbForm=Fin|Voice=Act	_	_	_	@say1965m-words#@say1965m#307.527#307.807
268	ну	ну	PART	_	_	_	_	_	@say1965m-words#@say1965m#307.807#308.087
269	наверное	наверное	ADV	_	Degree=Pos	_	_	_	@say1965m-words#@say1965m#308.087#308.367
270	процентов	процент	NOUN	_	Animacy=Inan|Case=Gen|Gender=Masc|Number=Plur	_	_	_	@say1965m-words#@say1965m#308.367#308.647
271	на	на	ADP	_	_	_	_	_	@say1965m-words#@say1965m#308.647#308.927
272	двадцать	двадцать	NUM	_	Case=Acc	_	_	_	@say1965m-words#@say1965m#308.927#309.207
273	пять	пять	NUM	_	Case=Acc	_	_	_	@say1965m-words#@say1965m#309.207#309.487
274	дридцать	дридцать	VERB	_	Aspect=Imp|VerbForm=Inf|Voice=Act	_	_	_	@say1965m-words#@say1965m#309.487#309.785
275	это	это	PRON	_	Animacy=Inan|Case=Acc|Gender=Neut|Number=Sing	_	_	_	@say1965m-words#@say1965m#309.821#310.156
276	в	в	ADP	_	_	_	_	_	@say1965m-words#@say1965m#310.156#310.491
277	минимуме	минимум	NOUN	_	Animacy=Inan|Case=Loc|Gender=Masc|Number=Sing	_	_	_	@say1965m-words#@say1965m#310.491#310.826
278	потому	потому	ADV	_	Degree=Pos	_	_	_	@say1965m-words#@say1965m#310.826#311.161
279	что	что	SCONJ	_	_	_	_	_	@say1965m-words#@say1965m#311.161#311.499
280	аа	а	NOUN	_	Animacy=Inan|Case=Nom|Gender=Fem|Number=Sing	_	_	_	@say1965m-words#@say1965m#312.011#312.328
281	вот	вот	PART	_	_	_	_	_	@say1965m-words#@say1965m#312.328#312.645
282	этот	этот	DET	_	Case=Acc|Gender=Masc|Number=Sing	_	_	_	@say1965m-words#@say1965m#312.645#312.962
283	вот	вот	PART	_	_	_	_	_	@say1965m-words#@say1965m#312.962#313.279
284	переток	перетка	NOUN	_	Animacy=Inan|Case=Acc|Gender=Masc|Number=Sing	_	_	_	@say1965m-words#@say1965m#313.279#313.596
285	который	который	PRON	_	Case=Acc	_	_	_	@say1965m-words#@say1965m#313.596#313.913
286	мы	мы	PRON	_	Case=Nom|Number=Plur|Person=1	_	_	_	@say1965m-words#@say1965m#313.913#314.23
287	наблюдаем	наблюдать	VERB	_	Aspect=Imp|Mood=Ind|Number=Plur|Person=1|Tense=Pres|VerbForm=Fin|Voice=Act	_	_	_	@say1965m-words#@say1965m#314.23#314.547
288	и	и	CCONJ	_	_	_	_	_	@say1965m-words#@say1965m#314.547#314.864
289	видим	видеть	VERB	_	Aspect=Imp|Mood=Ind|Number=Plur|Person=1|Tense=Pres|VerbForm=Fin|Voice=Act	_	_	_	@say1965m-words#@say1965m#314.864#315.181
290	/	/	PUNCT	_	_	_	_	_	@say1965m-words#@say1965m#315.181#315.498
291	то	то	SCONJ	_	_	_	_	_	@say1965m-words#@say1965m#315.498#315.815
292	что	что	PRON	_	Case=Nom	_	_	_	@say1965m-words#@say1965m#315.815#316.132
293	/	/	PUNCT	_	_	_	_	_	@say1965m-words#@say1965m#316.132#316.449
294	оффлайн	оффлайн	NOUN	_	Animacy=Anim|Case=Nom|Gender=Masc|Number=Sing	_	_	_	@say1965m-words#@say1965m#316.449#316.766
295	агенства	агенство	NOUN	_	Animacy=Inan|Case=Gen|Gender=Neut|Number=Sing	_	_	_	@say1965m-words#@say1965m#316.766#317.083
296	они	они	PRON	_	Case=Nom|Number=Plur|Person=3	_	_	_	@say1965m-words#@say1965m#317.083#317.4
297	реально	реально	ADV	_	Degree=Pos	_	_	_	@say1965m-words#@say1965m#317.4#317.717
298	начинают	начинать	VERB	_	Aspect=Imp|Mood=Ind|Number=Plur|Person=3|Tense=Pres|VerbForm=Fin|Voice=Act	_	_	_	@say1965m-words#@say1965m#317.717#318.034
299	проигрывать	проигрывать	VERB	_	Aspect=Imp|VerbForm=Inf|Voice=Act	_	_	_	@say1965m-words#@say1965m#318.034#318.351
300	/	/	PUNCT	_	_	_	_	_	@say1965m-words#@say1965m#318.351#318.668
301	а	а	CCONJ	_	_	_	_	_	@say1965m-words#@say1965m#318.668#318.985
302	онлайн	онлайн	NOUN	_	Animacy=Inan|Case=Nom|Gender=Masc|Number=Sing	_	_	_	@say1965m-words#@say1965m#318.985#319.302
303	агенства	агенство	NOUN	_	Animacy=Inan|Case=Gen|Gender=Neut|Number=Sing	_	_	_	@say1965m-words#@say1965m#319.302#319.619
304	пока	пока	ADV	_	Degree=Pos	_	_	_	@say1965m-words#@say1965m#319.619#319.936
305	/	/	PUNCT	_	_	_	_	_	@say1965m-words#@say1965m#319.936#320.253
306	засчет	застеть	VERB	_	Aspect=Perf|Mood=Ind|Number=Sing|Person=3|Tense=Fut|VerbForm=Fin|Voice=Act	_	_	_	@say1965m-words#@say1965m#320.253#320.57
307	вот	вот	PART	_	_	_	_	_	@say1965m-words#@say1965m#320.57#320.887
308	этого	этот	DET	_	Case=Gen|Gender=Masc|Number=Sing	_	_	_	@say1965m-words#@say1965m#320.887#321.204
309	перетока	переток	NOUN	_	Animacy=Inan|Case=Gen|Gender=Masc|Number=Sing	_	_	_	@say1965m-words#@say1965m#321.204#321.521
310	/	/	PUNCT	_	_	_	_	_	@say1965m-words#@say1965m#321.521#321.838
311	чувствуют	чувствовать	VERB	_	Aspect=Imp|Mood=Ind|Number=Plur|Person=3|Tense=Pres|VerbForm=Fin|Voice=Act	_	_	_	@say1965m-words#@say1965m#321.838#322.155
312	себя	себя	PRON	_	Case=Acc	_	_	_	@say1965m-words#@say1965m#322.155#322.472
313	достаточно	достаточно	ADV	_	Degree=Pos	_	_	_	@say1965m-words#@say1965m#322.472#322.789
314	комфортно	комфортно	ADV	_	Degree=Pos	_	_	_	@say1965m-words#@say1965m#322.789#323.111
315	здесь	здесь	ADV	_	Degree=Pos	_	_	_	@say1965m-words#@say1965m#339.98#340.4
316	есть	быть	VERB	_	Aspect=Imp|Mood=Ind|Number=Sing|Person=3|Tense=Pres|VerbForm=Fin|Voice=Act	_	_	_	@say1965m-words#@say1965m#340.4#340.82
317	определенная	определенный	ADJ	_	Case=Nom|Degree=Pos|Gender=Fem|Number=Sing	_	_	_	@say1965m-words#@say1965m#340.82#341.24
318	сложность	сложность	NOUN	_	Animacy=Inan|Case=Nom|Gender=Fem|Number=Sing	_	_	_	@say1965m-words#@say1965m#341.26#341.514
319	связана	связать	VERB	_	Aspect=Perf|Gender=Fem|Number=Sing|Tense=Past|Variant=Short|VerbForm=Part|Voice=Pass	_	_	_	@say1965m-words#@say1965m#341.514#341.768
320	она	она	PRON	_	Case=Nom|Gender=Fem|Number=Sing|Person=3	_	_	_	@say1965m-words#@say1965m#341.768#342.022
321	в	в	ADP	_	_	_	_	_	@say1965m-words#@say1965m#342.022#342.276
322	большей	больший	ADJ	_	Case=Loc|Degree=Pos|Gender=Fem|Number=Sing	_	_	_	@say1965m-words#@say1965m#342.276#342.53
323	степени	степень	NOUN	_	Animacy=Inan|Case=Loc|Gender=Fem|Number=Sing	_	_	_	@say1965m-words#@say1965m#342.53#342.784
324	с	с	ADP	_	_	_	_	_	@say1965m-words#@say1965m#342.784#343.038
325	тем	то	PRON	_	Animacy=Inan|Case=Ins|Gender=Neut|Number=Sing	_	_	_	@say1965m-words#@say1965m#343.038#343.292
326	что	что	SCONJ	_	_	_	_	_	@say1965m-words#@say1965m#343.292#343.546
327	рынок	рынок	NOUN	_	Animacy=Inan|Case=Nom|Gender=Masc|Number=Sing	_	_	_	@say1965m-words#@say1965m#343.546#343.8
328	закрытый	закрыть	VERB	_	Aspect=Perf|Case=Nom|Gender=Masc|Number=Sing|Tense=Past|VerbForm=Part|Voice=Pass	_	_	_	@say1965m-words#@say1965m#343.8#344.054
329	с	с	ADP	_	_	_	_	_	@say1965m-words#@say1965m#344.054#344.308
330	точки	точка	NOUN	_	Animacy=Inan|Case=Gen|Gender=Fem|Number=Sing	_	_	_	@say1965m-words#@say1965m#344.308#344.562
331	зрения	зрение	NOUN	_	Animacy=Inan|Case=Gen|Gender=Neut|Number=Sing	_	_	_	@say1965m-words#@say1965m#344.562#344.82
332	цифр	цифра	NOUN	_	Animacy=Inan|Case=Gen|Gender=Fem|Number=Plur	_	_	_	@say1965m-words#@say1965m#344.88#345.3
333	то	то	PRON	_	Animacy=Inan|Case=Nom|Gender=Neut|Number=Sing	_	_	_	@say1965m-words#@say1965m#345.6#345.958
334	есть	быть	VERB	_	Aspect=Imp|Mood=Ind|Number=Sing|Person=3|Tense=Pres|VerbForm=Fin|Voice=Act	_	_	_	@say1965m-words#@say1965m#345.958#346.316
335	ээ	ээ	NOUN	_	Animacy=Inan|Case=Nom|Gender=Neut|Number=Sing	_	_	_	@say1965m-words#@say1965m#346.316#346.674
336	глобально	глобально	ADV	_	Degree=Pos	_	_	_	@say1965m-words#@say1965m#346.674#347.032
337	общие	общий	ADJ	_	Case=Nom|Degree=Pos|Number=Plur	_	_	_	@say1965m-words#@say1965m#347.032#347.39
338	объемы	объем	NOUN	_	Animacy=Inan|Case=Nom|Gender=Masc|Number=Plur	_	_	_	@say1965m-words#@say1965m#347.39#347.748
339	пределить	пределить	VERB	_	Aspect=Perf|VerbForm=Inf|Voice=Act	_	_	_	@say1965m-words#@say1965m#347.748#348.106
340	можно	можно	ADV	_	Degree=Pos	_	_	_	@say1965m-words#@say1965m#348.106#348.464
341	/	/	PUNCT	_	_	_	_	_	@say1965m-words#@say1965m#348.464#348.822
342	как	как	SCONJ	_	_	_	_	_	@say1965m-words#@say1965m#348.822#349.18
343	он	он	PRON	_	Case=Nom|Gender=Masc|Number=Sing|Person=3	_	_	_	@say1965m-words#@say1965m#349.18#349.538
344	распределяется	распределяться	VERB	_	Aspect=Imp|Mood=Ind|Number=Sing|Person=3|Tense=Pres|VerbForm=Fin|Voice=Mid	_	_	_	@say1965m-words#@say1965m#349.538#349.896
345	по	по	ADP	_	_	_	_	_	@say1965m-words#@say1965m#349.896#350.254
346	агенствам	агенство	NOUN	_	Animacy=Inan|Case=Dat|Gender=Neut|Number=Plur	_	_	_	@say1965m-words#@say1965m#350.254#350.612
347	с	с	ADP	_	_	_	_	_	@say1965m-words#@say1965m#350.612#350.98
348	учетом	учет	NOUN	_	Animacy=Inan|Case=Ins|Gender=Masc|Number=Sing	_	_	_	@say1965m-words#@say1965m#351.04#351.39
349	того	то	PRON	_	Animacy=Inan|Case=Gen|Gender=Neut|Number=Sing	_	_	_	@say1965m-words#@say1965m#351.39#351.74
350	что	что	SCONJ	_	_	_	_	_	@say1965m-words#@say1965m#351.74#352.09
351	есть	быть	VERB	_	Aspect=Imp|Mood=Ind|Number=Sing|Person=3|Tense=Pres|VerbForm=Fin|Voice=Act	_	_	_	@say1965m-words#@say1965m#352.09#352.44
352	возможность	возможность	NOUN	_	Animacy=Inan|Case=Nom|Gender=Fem|Number=Sing	_	_	_	@say1965m-words#@say1965m#352.44#352.79
353	у	у	ADP	_	_	_	_	_	@say1965m-words#@say1965m#352.79#353.14
354	агенства	агенство	NOUN	_	Animacy=Inan|Case=Gen|Gender=Neut|Number=Sing	_	_	_	@say1965m-words#@say1965m#353.14#353.49
355	выписывать	выписывать	VERB	_	Aspect=Imp|VerbForm=Inf|Voice=Act	_	_	_	@say1965m-words#@say1965m#353.49#353.84
356	аа	а	NOUN	_	Animacy=Inan|Case=Gen|Gender=Masc|Number=Sing	_	_	_	@say1965m-words#@say1965m#354.28#354.555
357	в	в	ADP	_	_	_	_	_	@say1965m-words#@say1965m#354.555#354.83
358	разных	разный	ADJ	_	Case=Loc|Degree=Pos|Number=Plur	_	_	_	@say1965m-words#@say1965m#354.83#355.105
359	местах	место	NOUN	_	Animacy=Inan|Case=Loc|Gender=Neut|Number=Plur	_	_	_	@say1965m-words#@say1965m#355.105#355.38
360	/	/	PUNCT	_	_	_	_	_	@say1965m-words#@say1965m#355.38#355.655
361	то	то	PRON	_	Animacy=Inan|Case=Nom|Gender=Neut|Number=Sing	_	_	_	@say1965m-words#@say1965m#355.655#355.93
362	есть	быть	VERB	_	Aspect=Imp|Mood=Ind|Number=Sing|Person=3|Tense=Pres|VerbForm=Fin|Voice=Act	_	_	_	@say1965m-words#@say1965m#355.93#356.205
363	сейчас	сейчас	ADV	_	Degree=Pos	_	_	_	@say1965m-words#@say1965m#356.205#356.48
364	для	для	ADP	_	_	_	_	_	@say1965m-words#@say1965m#356.48#356.755
365	удобства	удобство	NOUN	_	Animacy=Inan|Case=Gen|Gender=Neut|Number=Sing	_	_	_	@say1965m-words#@say1965m#356.755#357.03
366	пользования	пользование	NOUN	_	Animacy=Inan|Case=Gen|Gender=Neut|Number=Sing	_	_	_	@say1965m-words#@say1965m#357.03#357.305
367	/	/	PUNCT	_	_	_	_	_	@say1965m-words#@say1965m#357.305#357.58
368	для	для	ADP	_	_	_	_	_	@say1965m-words#@say1965m#357.58#357.855
369	того	то	PRON	_	Animacy=Inan|Case=Gen|Gender=Neut|Number=Sing	_	_	_	@say1965m-words#@say1965m#357.855#358.13
370	чтоб	чтобы	SCONJ	_	Mood=Cnd	_	_	_	@say1965m-words#@say1965m#358.13#358.405
371	найти	найти	VERB	_	Aspect=Perf|VerbForm=Inf|Voice=Act	_	_	_	@say1965m-words#@say1965m#358.405#358.68
372	наиболее	наиболее	ADV	_	Degree=Pos	_	_	_	@say1965m-words#@say1965m#358.68#358.955
373	дешевый	дешевый	ADJ	_	Animacy=Inan|Case=Acc|Degree=Pos|Gender=Masc|Number=Sing	_	_	_	@say1965m-words#@say1965m#358.955#359.23
374	тариф	тариф	NOUN	_	Animacy=Inan|Case=Acc|Gender=Masc|Number=Sing	_	_	_	@say1965m-words#@say1965m#359.23#359.505
375	/	/	PUNCT	_	_	_	_	_	@say1965m-words#@say1965m#359.505#359.78
376	очень	очень	ADV	_	Degree=Pos	_	_	_	@say1965m-words#@say1965m#359.78#360.055
377	часто	часто	ADV	_	Degree=Pos	_	_	_	@say1965m-words#@say1965m#360.055#360.33
378	/	/	PUNCT	_	_	_	_	_	@say1965m-words#@say1965m#360.33#360.605
379	мм	мм	NOUN	_	Animacy=Inan|Case=Acc|Gender=Fem|Number=Sing	_	_	_	@say1965m-words#@say1965m#360.605#360.88
380	агенства	агенство	NOUN	_	Animacy=Inan|Case=Gen|Gender=Neut|Number=Sing	_	_	_	@say1965m-words#@say1965m#360.88#361.155
381	такие	такой	DET	_	Case=Nom|Number=Plur	_	_	_	@say1965m-words#@say1965m#361.155#361.43
382	как	как	SCONJ	_	_	_	_	_	@say1965m-words#@say1965m#361.43#361.705
383	мы	мы	PRON	_	Case=Nom|Number=Plur|Person=1	_	_	_	@say1965m-words#@say1965m#361.705#361.98
384	и	и	PART	_	_	_	_	_	@say1965m-words#@say1965m#361.98#362.255
385	/	/	PUNCT	_	_	_	_	_	@say1965m-words#@say1965m#362.255#362.53
386	м	метр	NOUN	_	Animacy=Inan|Case=Acc|Gender=Masc|Number=Sing	_	_	_	@say1965m-words#@say1965m#362.53#362.805
387	/	/	PUNCT	_	_	_	_	_	@say1965m-words#@say1965m#362.805#363.08
388	крупные	крупный	ADJ	_	Case=Nom|Degree=Pos|Number=Plur	_	_	_	@say1965m-words#@say1965m#363.08#363.355
389	агенства	агенство	NOUN	_	Animacy=Inan|Case=Nom|Gender=Neut|Number=Plur	_	_	_	@say1965m-words#@say1965m#363.355#363.63
390	все	все	PRON	_	Animacy=Inan|Case=Acc|Gender=Neut|Number=Sing	_	_	_	@say1965m-words#@say1965m#363.63#363.905
391	/	/	PUNCT	_	_	_	_	_	@say1965m-words#@say1965m#363.905#364.18
392	они	они	PRON	_	Case=Nom|Number=Plur|Person=3	_	_	_	@say1965m-words#@say1965m#364.18#364.455
393	работают	работать	VERB	_	Aspect=Imp|Mood=Ind|Number=Plur|Person=3|Tense=Pres|VerbForm=Fin|Voice=Act	_	_	_	@say1965m-words#@say1965m#364.455#364.73
394	с	с	ADP	_	_	_	_	_	@say1965m-words#@say1965m#364.73#365.005
395	разными	разный	ADJ	_	Case=Ins|Degree=Pos|Number=Plur	_	_	_	@say1965m-words#@say1965m#365.005#365.28
396	/	/	PUNCT	_	_	_	_	_	@say1965m-words#@say1965m#365.28#365.555
397	точками	точка	NOUN	_	Animacy=Inan|Case=Ins|Gender=Fem|Number=Plur	_	_	_	@say1965m-words#@say1965m#365.555#365.83
398	продаж	продажа	NOUN	_	Animacy=Inan|Case=Gen|Gender=Fem|Number=Plur	_	_	_	@say1965m-words#@say1965m#365.83#366.105
399	то	то	PRON	_	Animacy=Inan|Case=Nom|Gender=Neut|Number=Sing	_	_	_	@say1965m-words#@say1965m#366.105#366.38
400	есть	быть	VERB	_	Aspect=Imp|Mood=Ind|Number=Sing|Person=3|Tense=Pres|VerbForm=Fin|Voice=Act	_	_	_	@say1965m-words#@say1965m#366.38#366.68
401	условно	условно	ADV	_	Degree=Pos	_	_	_	@say1965m-words#@say1965m#366.7#367.0
402	говоря	говорить	VERB	_	Aspect=Imp|Tense=Pres|VerbForm=Conv|Voice=Act	_	_	_	@say1965m-words#@say1965m#367.0#367.3
403	аа	а	NOUN	_	Animacy=Inan|Case=Gen|Gender=Masc|Number=Sing	_	_	_	@say1965m-words#@say1965m#367.615#367.861
404	вы	вы	PRON	_	Case=Nom|Number=Plur|Person=2	_	_	_	@say1965m-words#@say1965m#367.861#368.107
405	можете	мочь	VERB	_	Aspect=Imp|Mood=Ind|Number=Plur|Person=2|Tense=Pres|VerbForm=Fin|Voice=Act	_	_	_	@say1965m-words#@say1965m#368.107#368.353
406	не	не	PART	_	_	_	_	_	@say1965m-words#@say1965m#368.353#368.599
407	удивиться	удивиться	VERB	_	Aspect=Perf|VerbForm=Inf|Voice=Mid	_	_	_	@say1965m-words#@say1965m#368.599#368.845
408	если	если	SCONJ	_	_	_	_	_	@say1965m-words#@say1965m#368.845#369.091
409	зайдете	зайдть	VERB	_	Aspect=Perf|Mood=Ind|Number=Plur|Person=2|Tense=Fut|VerbForm=Fin|Voice=Act	_	_	_	@say1965m-words#@say1965m#369.091#369.337
410	на	на	ADP	_	_	_	_	_	@say1965m-words#@say1965m#369.337#369.583
411	популярный	популярный	ADJ	_	Animacy=Inan|Case=Acc|Degree=Pos|Gender=Masc|Number=Sing	_	_	_	@say1965m-words#@say1965m#369.583#369.829
412	сайт	сайт	NOUN	_	Animacy=Inan|Case=Acc|Gender=Masc|Number=Sing	_	_	_	@say1965m-words#@say1965m#369.829#370.075
413	/	/	PUNCT	_	_	_	_	_	@say1965m-words#@say1965m#370.075#370.321
414	купите	купить	VERB	_	Aspect=Perf|Mood=Ind|Number=Plur|Person=2|Tense=Fut|VerbForm=Fin|Voice=Act	_	_	_	@say1965m-words#@say1965m#370.321#370.567
415	билет	билет	NOUN	_	Animacy=Inan|Case=Acc|Gender=Masc|Number=Sing	_	_	_	@say1965m-words#@say1965m#370.567#370.813
416	/	/	PUNCT	_	_	_	_	_	@say1965m-words#@say1965m#370.813#371.059
417	и	и	CCONJ	_	_	_	_	_	@say1965m-words#@say1965m#371.059#371.305
418	по	по	ADP	_	_	_	_	_	@say1965m-words#@say1965m#371.305#371.551
419	факту	факт	NOUN	_	Animacy=Inan|Case=Dat|Gender=Masc|Number=Sing	_	_	_	@say1965m-words#@say1965m#371.551#371.797
420	он	он	PRON	_	Case=Nom|Gender=Masc|Number=Sing|Person=3	_	_	_	@say1965m-words#@say1965m#371.797#372.043
421	окажется	оказаться	VERB	_	Aspect=Perf|Mood=Ind|Number=Sing|Person=3|Tense=Fut|VerbForm=Fin|Voice=Mid	_	_	_	@say1965m-words#@say1965m#372.043#372.289
422	что	что	SCONJ	_	_	_	_	_	@say1965m-words#@say1965m#372.289#372.535
423	он	он	PRON	_	Case=Nom|Gender=Masc|Number=Sing|Person=3	_	_	_	@say1965m-words#@say1965m#372.535#372.781
424	выписан	выписывать	VERB	_	Aspect=Perf|Gender=Masc|Number=Sing|Tense=Past|Variant=Short|VerbForm=Part|Voice=Pass	_	_	_	@say1965m-words#@say1965m#372.781#373.027
425	как	как	ADV	_	Degree=Pos	_	_	_	@say1965m-words#@say1965m#373.027#373.273
426	будто	будто	PART	_	_	_	_	_	@say1965m-words#@say1965m#373.273#373.519
427	бы	бы	PART	_	_	_	_	_	@say1965m-words#@say1965m#373.519#373.765
428	например	например	ADV	_	Degree=Pos	_	_	_	@say1965m-words#@say1965m#373.765#374.011
429	в	в	ADP	_	_	_	_	_	@say1965m-words#@say1965m#374.011#374.257
430	Америке	Америка	PROPN	_	Animacy=Inan|Case=Loc|Gender=Fem|Number=Sing	_	_	_	@say1965m-words#@say1965m#374.257#374.503
431	или	или	CCONJ	_	_	_	_	_	@say1965m-words#@say1965m#374.503#374.749
432	в	в	ADP	_	_	_	_	_	@say1965m-words#@say1965m#374.749#374.995
433	Германии	Германия	PROPN	_	Animacy=Inan|Case=Loc|Gender=Fem|Number=Sing	_	_	_	@say1965m-words#@say1965m#374.995#375.241
434	/	/	PUNCT	_	_	_	_	_	@say1965m-words#@say1965m#375.241#375.487
435	то	то	PRON	_	Animacy=Inan|Case=Nom|Gender=Neut|Number=Sing	_	_	_	@say1965m-words#@say1965m#375.487#375.733
436	есть	быть	VERB	_	Aspect=Imp|Mood=Ind|Number=Sing|Person=3|Tense=Pres|VerbForm=Fin|Voice=Act	_	_	_	@say1965m-words#@say1965m#375.733#375.979
437	/	/	PUNCT	_	_	_	_	_	@say1965m-words#@say1965m#375.979#376.256
438	аа	а	NOUN	_	Animacy=Inan|Case=Nom|Gender=Fem|Number=Sing	_	_	_	@say1965m-words#@say1965m#376.564#376.918
439	/	/	PUNCT	_	_	_	_	_	@say1965m-words#@say1965m#376.918#377.272
440	потому	потому	ADV	_	Degree=Pos	_	_	_	@say1965m-words#@say1965m#377.272#377.626
441	что	что	SCONJ	_	_	_	_	_	@say1965m-words#@say1965m#377.626#377.98
442	/	/	PUNCT	_	_	_	_	_	@say1965m-words#@say1965m#377.98#378.334
443	аа	а	NOUN	_	Animacy=Inan|Case=Nom|Gender=Fem|Number=Sing	_	_	_	@say1965m-words#@say1965m#378.334#378.688
444	/	/	PUNCT	_	_	_	_	_	@say1965m-words#@say1965m#378.688#379.042
445	мы	мы	PRON	_	Case=Nom|Number=Plur|Person=1	_	_	_	@say1965m-words#@say1965m#379.042#379.396
446	стараемся	стараться	VERB	_	Aspect=Imp|Mood=Ind|Number=Plur|Person=1|Tense=Pres|VerbForm=Fin|Voice=Mid	_	_	_	@say1965m-words#@say1965m#379.396#379.75
447	найти	найти	VERB	_	Aspect=Perf|VerbForm=Inf|Voice=Act	_	_	_	@say1965m-words#@say1965m#379.75#380.104
448	ту	тот	DET	_	Case=Acc|Gender=Fem|Number=Sing	_	_	_	@say1965m-words#@say1965m#380.104#380.458
449	перевозку	перевозка	NOUN	_	Animacy=Inan|Case=Acc|Gender=Fem|Number=Sing	_	_	_	@say1965m-words#@say1965m#380.458#380.812
450	которая	который	PRON	_	Case=Nom	_	_	_	@say1965m-words#@say1965m#380.812#381.166
451	будет	быть	AUX	_	Aspect=Imp|Mood=Ind|Number=Sing|Person=3|Tense=Pres|VerbForm=Fin|Voice=Act	_	_	_	@say1965m-words#@say1965m#381.166#381.52
452	наиболее	наиболее	ADV	_	Degree=Pos	_	_	_	@say1965m-words#@say1965m#381.52#381.874
453	дешевая	дешевый	ADJ	_	Case=Nom|Degree=Pos|Gender=Fem|Number=Sing	_	_	_	@say1965m-words#@say1965m#381.874#382.228
454	для	для	ADP	_	_	_	_	_	@say1965m-words#@say1965m#382.228#382.582
455	потребителя	потребитель	NOUN	_	Animacy=Anim|Case=Gen|Gender=Masc|Number=Sing	_	_	_	@say1965m-words#@say1965m#382.582#382.936
456	/	/	PUNCT	_	_	_	_	_	@say1965m-words#@say1965m#382.936#383.29
457	потому	потому	ADV	_	Degree=Pos	_	_	_	@say1965m-words#@say1965m#383.29#383.644
458	что	что	SCONJ	_	_	_	_	_	@say1965m-words#@say1965m#383.644#383.998
459	сейчас	сейчас	ADV	_	Degree=Pos	_	_	_	@say1965m-words#@say1965m#383.998#384.352
460	к	к	ADP	_	_	_	_	_	@say1965m-words#@say1965m#384.352#384.706
461	сожалению	сожаление	NOUN	_	Animacy=Inan|Case=Dat|Gender=Neut|Number=Sing	_	_	_	@say1965m-words#@say1965m#384.706#385.06
462	большому	большой	ADJ	_	Case=Dat|Degree=Pos|Gender=Neut|Number=Sing	_	_	_	@say1965m-words#@say1965m#385.06#385.414
463	/	/	PUNCT	_	_	_	_	_	@say1965m-words#@say1965m#385.414#385.768
464	вот	вот	PART	_	_	_	_	_	@say1965m-words#@say1965m#385.768#386.122
465	как	как	SCONJ	_	_	_	_	_	@say1965m-words#@say1965m#386.122#386.476
466	раз	раз	NOUN	_	Animacy=Inan|Case=Acc|Gender=Masc|Number=Sing	_	_	_	@say1965m-words#@say1965m#386.476#386.83
467	больше	больше	ADV	_	Degree=Cmp	_	_	_	@say1965m-words#@say1965m#386.83#387.184
468	работает	работать	VERB	_	Aspect=Imp|Mood=Ind|Number=Sing|Person=3|Tense=Pres|VerbForm=Fin|Voice=Act	_	_	_	@say1965m-words#@say1965m#387.184#387.538
469	/	/	PUNCT	_	_	_	_	_	@say1965m-words#@say1965m#387.538#387.892
470	именно	именно	PART	_	_	_	_	_	@say1965m-words#@say1965m#387.892#388.246
471	/	/	PUNCT	_	_	_	_	_	@say1965m-words#@say1965m#388.246#388.6
472	аа	ао	NOUN	_	Animacy=Inan|Case=Gen|Gender=Masc|Number=Sing	_	_	_	@say1965m-words#@say1965m#388.6#388.954
473	стоимость	стоимость	NOUN	_	Animacy=Inan|Case=Nom|Gender=Fem|Number=Sing	_	_	_	@say1965m-words#@say1965m#388.954#389.308
474	перевозки	перевозка	NOUN	_	Animacy=Inan|Case=Gen|Gender=Fem|Number=Sing	_	_	_	@say1965m-words#@say1965m#389.308#389.662
475	и	и	CCONJ	_	_	_	_	_	@say1965m-words#@say1965m#389.662#390.016
476	ее	ее	PRON	_	Case=Gen|Gender=Fem|Number=Sing|Person=3	_	_	_	@say1965m-words#@say1965m#390.016#390.37
477	дешевизна	дешевизна	ADJ	_	Degree=Pos|Gender=Fem|Number=Sing|Variant=Short	_	_	_	@say1965m-words#@say1965m#390.37#390.724
478	/	/	PUNCT	_	_	_	_	_	@say1965m-words#@say1965m#390.724#391.078
479	нежели	нежели	SCONJ	_	_	_	_	_	@say1965m-words#@say1965m#391.078#391.432
480	чем	что	PRON	_	Case=Ins	_	_	_	@say1965m-words#@say1965m#391.432#391.786
481	бренд	бренд	NOUN	_	Animacy=Inan|Case=Acc|Gender=Masc|Number=Sing	_	_	_	@say1965m-words#@say1965m#391.786#392.14
482	или	или	CCONJ	_	_	_	_	_	@say1965m-words#@say1965m#392.14#392.494
483	какие-то	какой-то	DET	_	Case=Acc|Number=Plur	_	_	_	@say1965m-words#@say1965m#392.494#392.848
484	другие	другой	ADJ	_	Animacy=Inan|Case=Acc|Degree=Pos|Number=Plur	_	_	_	@say1965m-words#@say1965m#392.848#393.202
485	удобные	удобный	ADJ	_	Animacy=Inan|Case=Acc|Degree=Pos|Number=Plur	_	_	_	@say1965m-words#@say1965m#393.202#393.556
486	сервисы	сервис	NOUN	_	Animacy=Inan|Case=Acc|Gender=Masc|Number=Plur	_	_	_	@say1965m-words#@say1965m#393.556#393.91
487	для	для	ADP	_	_	_	_	_	@say1965m-words#@say1965m#393.91#394.264
488	пользователя	пользователь	NOUN	_	Animacy=Anim|Case=Gen|Gender=Masc|Number=Sing	_	_	_	@say1965m-words#@say1965m#394.264#394.641
489	хотя	хотя	SCONJ	_	_	_	_	_	@say1965m-words#@say1965m#394.897#395.365
490	рынок	рынок	NOUN	_	Animacy=Inan|Case=Nom|Gender=Masc|Number=Sing	_	_	_	@say1965m-words#@say1965m#395.365#395.833
491	немножко	немножко	ADV	_	Degree=Pos	_	_	_	@say1965m-words#@say1965m#395.833#396.301
492	разворачивается	развертываться	VERB	_	Aspect=Imp|Mood=Ind|Number=Sing|Person=3|Tense=Pres|VerbForm=Fin|Voice=Mid	_	_	_	@say1965m-words#@say1965m#396.301#396.769
493	вот	вот	PART	_	_	_	_	_	@say1965m-words#@say1965m#397.153#397.457
494	/	/	PUNCT	_	_	_	_	_	@say1965m-words#@say1965m#397.457#397.761
495	но	но	CCONJ	_	_	_	_	_	@say1965m-words#@say1965m#397.761#398.065
496	тем	то	PRON	_	Animacy=Inan|Case=Ins|Gender=Neut|Number=Sing	_	_	_	@say1965m-words#@say1965m#398.065#398.369
497	не	не	PART	_	Polarity=Neg	_	_	_	@say1965m-words#@say1965m#398.369#398.673
498	менее	менее	ADV	_	Degree=Cmp	_	_	_	@say1965m-words#@say1965m#398.673#398.977
499	/	/	PUNCT	_	_	_	_	_	@say1965m-words#@say1965m#398.977#399.281
500	из...	из...	PROPN	_	Animacy=Anim|Case=Dat|Gender=Fem|Number=Sing	_	_	_	@say1965m-words#@say1965m#399.281#399.585
501	за	за	ADP	_	_	_	_	_	@say1965m-words#@say1965m#399.585#399.889
502	счет	счет	NOUN	_	Animacy=Inan|Case=Acc|Gender=Masc|Number=Sing	_	_	_	@say1965m-words#@say1965m#399.889#400.193
503	того	то	DET	_	Case=Acc|Gender=Masc|Number=Sing	_	_	_	@say1965m-words#@say1965m#400.193#400.497
504	что	что	PRON	_	Case=Acc	_	_	_	@say1965m-words#@say1965m#400.497#400.801
505	мы	мы	PRON	_	Case=Nom|Number=Plur|Person=1	_	_	_	@say1965m-words#@say1965m#400.801#401.105
506	берем	брать	VERB	_	Aspect=Imp|Mood=Ind|Number=Plur|Person=1|Tense=Pres|VerbForm=Fin|Voice=Act	_	_	_	@say1965m-words#@say1965m#401.105#401.409
507	билеты	билет	NOUN	_	Animacy=Inan|Case=Acc|Gender=Masc|Number=Plur	_	_	_	@say1965m-words#@say1965m#401.409#401.713
508	с	с	ADP	_	_	_	_	_	@say1965m-words#@say1965m#401.713#402.017
509	разных	разный	ADJ	_	Case=Gen|Degree=Pos|Number=Plur	_	_	_	@say1965m-words#@say1965m#402.017#402.321
510	рынков	рынок	NOUN	_	Animacy=Inan|Case=Gen|Gender=Masc|Number=Plur	_	_	_	@say1965m-words#@say1965m#402.321#402.625
511	/	/	PUNCT	_	_	_	_	_	@say1965m-words#@say1965m#402.625#402.929
512	и	и	CCONJ	_	_	_	_	_	@say1965m-words#@say1965m#402.929#403.233
513	/	/	PUNCT	_	_	_	_	_	@say1965m-words#@say1965m#403.233#403.537
514	это	это	PRON	_	Animacy=Inan|Case=Nom|Gender=Neut|Number=Sing	_	_	_	@say1965m-words#@say1965m#403.537#403.841
515	вообще	вообще	ADV	_	Degree=Pos	_	_	_	@say1965m-words#@say1965m#403.841#404.145
516	не	не	PART	_	_	_	_	_	@say1965m-words#@say1965m#404.145#404.449
517	поддается	поддаваться	VERB	_	Aspect=Imp|Mood=Ind|Number=Sing|Person=3|Tense=Pres|VerbForm=Fin|Voice=Mid	_	_	_	@say1965m-words#@say1965m#404.449#404.753
518	никакому	никакой	DET	_	Case=Dat|Gender=Masc|Number=Sing	_	_	_	@say1965m-words#@say1965m#404.753#405.057
519	подсчету	подсчет	NOUN	_	Animacy=Inan|Case=Dat|Gender=Masc|Number=Sing	_	_	_	@say1965m-words#@say1965m#405.057#405.361
520	мы	мы	PRON	_	Case=Nom|Number=Plur|Person=1	_	_	_	@say1965m-words#@say1965m#405.361#405.665
521	можем	мочь	VERB	_	Aspect=Imp|Mood=Ind|Number=Plur|Person=1|Tense=Pres|VerbForm=Fin|Voice=Act	_	_	_	@say1965m-words#@say1965m#405.665#405.969
522	только	только	PART	_	_	_	_	_	@say1965m-words#@say1965m#405.969#406.273
523	ориентироваться	ориентироваться	VERB	_	Aspect=Imp|VerbForm=Inf|Voice=Mid	_	_	_	@say1965m-words#@say1965m#406.273#406.577
524	на	на	ADP	_	_	_	_	_	@say1965m-words#@say1965m#406.577#406.881
525	цифры	цифра	NOUN	_	Animacy=Inan|Case=Acc|Gender=Fem|Number=Plur	_	_	_	@say1965m-words#@say1965m#406.881#407.185
526	которые	который	PRON	_	Case=Acc	_	_	_	@say1965m-words#@say1965m#407.185#407.489
527	/	/	PUNCT	_	_	_	_	_	@say1965m-words#@say1965m#407.489#407.793
528	ааа	аа	NOUN	_	Animacy=Inan|Case=Nom|Gender=Fem|Number=Sing	_	_	_	@say1965m-words#@say1965m#407.793#408.097
529	/	/	PUNCT	_	_	_	_	_	@say1965m-words#@say1965m#408.097#408.401
530	декларируют	декларировать	VERB	_	Aspect=Imp|Mood=Ind|Number=Plur|Person=3|Tense=Pres|VerbForm=Fin|Voice=Act	_	_	_	@say1965m-words#@say1965m#408.401#408.705
531	сами	сам	ADJ	_	Case=Nom|Degree=Pos|Number=Plur	_	_	_	@say1965m-words#@say1965m#408.705#409.009
532	на	на	ADP	_	_	_	_	_	@say1965m-words#@say1965m#409.009#409.313
533	самом	самый	ADJ	_	Case=Loc|Degree=Pos|Gender=Neut|Number=Sing	_	_	_	@say1965m-words#@say1965m#409.313#409.617
534	деле	дело	NOUN	_	Animacy=Inan|Case=Loc|Gender=Neut|Number=Sing	_	_	_	@say1965m-words#@say1965m#409.617#409.921
535	агенства	агенство	NOUN	_	Animacy=Inan|Case=Gen|Gender=Neut|Number=Sing	_	_	_	@say1965m-words#@say1965m#409.921#410.23
536	и	и	CCONJ	_	_	_	_	_	@say1965m-words#@say1965m#410.82#411.053
537	в	в	ADP	_	_	_	_	_	@say1965m-words#@say1965m#411.053#411.286
538	данном	данный	ADJ	_	Case=Loc|Degree=Pos|Gender=Masc|Number=Sing	_	_	_	@say1965m-words#@say1965m#411.286#411.519
539	случае	случай	NOUN	_	Animacy=Inan|Case=Loc|Gender=Masc|Number=Sing	_	_	_	@say1965m-words#@say1965m#411.519#411.752
540	то	то	PRON	_	Animacy=Inan|Case=Nom|Gender=Neut|Number=Sing	_	_	_	@say1965m-words#@say1965m#411.752#411.985
541	есть	быть	VERB	_	Aspect=Imp|Mood=Ind|Number=Sing|Person=3|Tense=Pres|VerbForm=Fin|Voice=Act	_	_	_	@say1965m-words#@say1965m#411.985#412.218
542	/	/	PUNCT	_	_	_	_	_	@say1965m-words#@say1965m#412.218#412.451
543	э	эра	NOUN	_	Animacy=Inan|Case=Nom|Gender=Neut|Number=Sing	_	_	_	@say1965m-words#@say1965m#412.451#412.684
544	достаточно	достаточно	ADV	_	Degree=Pos	_	_	_	@say1965m-words#@say1965m#412.684#412.923
545	трудно	трудный	ADJ	_	Degree=Pos|Gender=Neut|Number=Sing|Variant=Short	_	_	_	@say1965m-words#@say1965m#413.435#413.721
546	все-таки	все-таки	PART	_	_	_	_	_	@say1965m-words#@say1965m#413.721#414.007
547	определить	определить	VERB	_	Aspect=Perf|VerbForm=Inf|Voice=Act	_	_	_	@say1965m-words#@say1965m#414.007#414.293
548	/	/	PUNCT	_	_	_	_	_	@say1965m-words#@say1965m#414.293#414.579
549	то	то	PRON	_	Animacy=Inan|Case=Nom|Gender=Neut|Number=Sing	_	_	_	@say1965m-words#@say1965m#414.579#414.865
550	есть	быть	VERB	_	Aspect=Imp|Mood=Ind|Number=Sing|Person=3|Tense=Pres|VerbForm=Fin|Voice=Act	_	_	_	@say1965m-words#@say1965m#414.865#415.151
551	кто	кто	PRON	_	Case=Nom	_	_	_	@say1965m-words#@say1965m#415.151#415.437
552	какую	какой	DET	_	Case=Acc|Gender=Fem|Number=Sing	_	_	_	@say1965m-words#@say1965m#415.437#415.723
553	долю	доля	NOUN	_	Animacy=Inan|Case=Acc|Gender=Fem|Number=Sing	_	_	_	@say1965m-words#@say1965m#415.723#416.009
554	занимает	занимать	VERB	_	Aspect=Imp|Mood=Ind|Number=Sing|Person=3|Tense=Pres|VerbForm=Fin|Voice=Act	_	_	_	@say1965m-words#@say1965m#416.009#416.295
555	/	/	PUNCT	_	_	_	_	_	@say1965m-words#@say1965m#416.295#416.581
556	но	но	CCONJ	_	_	_	_	_	@say1965m-words#@say1965m#416.581#416.867
557	если	если	SCONJ	_	_	_	_	_	@say1965m-words#@say1965m#416.867#417.153
558	мы	мы	PRON	_	Case=Nom|Number=Plur|Person=1	_	_	_	@say1965m-words#@say1965m#417.153#417.439
559	говорим	говорить	VERB	_	Aspect=Imp|Mood=Ind|Number=Plur|Person=1|Tense=Pres|VerbForm=Fin|Voice=Act	_	_	_	@say1965m-words#@say1965m#417.439#417.725
560	конкретно	конкретно	ADV	_	Degree=Pos	_	_	_	@say1965m-words#@say1965m#417.725#418.011
561	про	про	ADP	_	_	_	_	_	@say1965m-words#@say1965m#418.011#418.297
562	игроков	игрок	NOUN	_	Animacy=Anim|Case=Gen|Gender=Masc|Number=Plur	_	_	_	@say1965m-words#@say1965m#418.297#418.583
563	нашего	наш	DET	_	Case=Gen|Gender=Masc|Number=Sing	_	_	_	@say1965m-words#@say1965m#418.583#418.869
564	рынка	рынок	NOUN	_	Animacy=Inan|Case=Gen|Gender=Masc|Number=Sing	_	_	_	@say1965m-words#@say1965m#418.869#419.155
565	/	/	PUNCT	_	_	_	_	_	@say1965m-words#@say1965m#419.155#419.441
566	с	с	ADP	_	_	_	_	_	@say1965m-words#@say1965m#419.441#419.727
567	моей	мой	DET	_	Case=Gen|Gender=Fem|Number=Sing	_	_	_	@say1965m-words#@say1965m#419.727#420.013
568	точки	точка	NOUN	_	Animacy=Inan|Case=Gen|Gender=Fem|Number=Sing	_	_	_	@say1965m-words#@say1965m#420.013#420.299
569	зрения	зрение	NOUN	_	Animacy=Inan|Case=Gen|Gender=Neut|Number=Sing	_	_	_	@say1965m-words#@say1965m#420.299#420.585
570	/	/	PUNCT	_	_	_	_	_	@say1965m-words#@say1965m#420.585#420.871
571	а	а	CCONJ	_	_	_	_	_	@say1965m-words#@say1965m#420.871#421.157
572	/	/	PUNCT	_	_	_	_	_	@say1965m-words#@say1965m#421.157#421.443
573	на	на	ADP	_	_	_	_	_	@say1965m-words#@say1965m#421.443#421.729
574	сегодня	сегодня	NOUN	_	Animacy=Inan|Case=Acc|Gender=Neut|Number=Sing	_	_	_	@say1965m-words#@say1965m#421.729#422.015
575	/	/	PUNCT	_	_	_	_	_	@say1965m-words#@say1965m#422.015#422.301
576	первое	первый	ADJ	_	Case=Acc|Degree=Pos|Gender=Neut|Number=Sing	_	_	_	@say1965m-words#@say1965m#422.301#422.587
577	место	место	NOUN	_	Animacy=Inan|Case=Acc|Gender=Neut|Number=Sing	_	_	_	@say1965m-words#@say1965m#422.587#422.873
578	там	там	ADV	_	Degree=Pos	_	_	_	@say1965m-words#@say1965m#422.873#423.159
579	занимает	занимать	VERB	_	Aspect=Imp|Mood=Ind|Number=Sing|Person=3|Tense=Pres|VerbForm=Fin|Voice=Act	_	_	_	@say1965m-words#@say1965m#423.159#423.445
580	азон	азон	NOUN	_	Animacy=Inan|Case=Nom|Gender=Masc|Number=Sing	_	_	_	@say1965m-words#@say1965m#423.445#423.731
581	трэвл	трэвть	VERB	_	Aspect=Imp|Gender=Masc|Mood=Ind|Number=Sing|Tense=Past|VerbForm=Fin|Voice=Act	_	_	_	@say1965m-words#@say1965m#423.731#424.017
582	потому	потому	ADV	_	Degree=Pos	_	_	_	@say1965m-words#@say1965m#424.017#424.303
583	что	что	SCONJ	_	_	_	_	_	@say1965m-words#@say1965m#424.303#424.589
584	у	у	ADP	_	_	_	_	_	@say1965m-words#@say1965m#424.589#424.875
585	него	он	PRON	_	Case=Gen|Gender=Masc|Number=Sing|Person=3	_	_	_	@say1965m-words#@say1965m#424.875#425.161
586	есть	быть	AUX	_	Aspect=Imp|Mood=Ind|Number=Sing|Person=3|Tense=Pres|VerbForm=Fin|Voice=Act	_	_	_	@say1965m-words#@say1965m#425.161#425.447
587	собственная	собственный	ADJ	_	Case=Nom|Degree=Pos|Gender=Fem|Number=Sing	_	_	_	@say1965m-words#@say1965m#425.447#425.733
588	/	/	PUNCT	_	_	_	_	_	@say1965m-words#@say1965m#425.733#426.019
589	аудитория	аудитория	NOUN	_	Animacy=Inan|Case=Nom|Gender=Fem|Number=Sing	_	_	_	@say1965m-words#@say1965m#426.019#426.305
590	/	/	PUNCT	_	_	_	_	_	@say1965m-words#@say1965m#426.305#426.591
591	с	с	ADP	_	_	_	_	_	@say1965m-words#@say1965m#426.591#426.877
592	/	/	PUNCT	_	_	_	_	_	@say1965m-words#@say1965m#426.877#427.163
593	его	его	DET	_	_	_	_	_	@say1965m-words#@say1965m#427.163#427.449
594	мамой	мама	NOUN	_	Animacy=Anim|Case=Ins|Gender=Fem|Number=Sing	_	_	_	@say1965m-words#@say1965m#427.449#427.735
595	/	/	PUNCT	_	_	_	_	_	@say1965m-words#@say1965m#427.735#428.021
596	то	то	PRON	_	Animacy=Inan|Case=Nom|Gender=Neut|Number=Sing	_	_	_	@say1965m-words#@say1965m#428.021#428.307
597	есть	быть	VERB	_	Aspect=Imp|Mood=Ind|Number=Sing|Person=3|Tense=Pres|VerbForm=Fin|Voice=Act	_	_	_	@say1965m-words#@say1965m#428.307#428.593
598	зона	зона	NOUN	_	Animacy=Inan|Case=Nom|Gender=Fem|Number=Sing	_	_	_	@say1965m-words#@say1965m#428.593#428.879
599	основного	основной	ADJ	_	Case=Gen|Degree=Pos|Gender=Masc|Number=Sing	_	_	_	@say1965m-words#@say1965m#428.879#429.179
600	то	то	PRON	_	Animacy=Inan|Case=Nom|Gender=Neut|Number=Sing	_	_	_	@say1965m-words#@say1965m#429.333#429.673
601	есть	быть	VERB	_	Aspect=Imp|Mood=Ind|Number=Sing|Person=3|Tense=Pres|VerbForm=Fin|Voice=Act	_	_	_	@say1965m-words#@say1965m#429.673#430.013
602	и	и	PART	_	_	_	_	_	@say1965m-words#@say1965m#430.013#430.353
603	там	там	ADV	_	Degree=Pos	_	_	_	@say1965m-words#@say1965m#430.353#430.693
604	огномное	огномный	ADJ	_	Case=Nom|Degree=Pos|Gender=Neut|Number=Sing	_	_	_	@say1965m-words#@say1965m#430.693#431.033
605	количество	количество	NOUN	_	Animacy=Inan|Case=Nom|Gender=Neut|Number=Sing	_	_	_	@say1965m-words#@say1965m#431.033#431.373
606	пользователей	пользователь	NOUN	_	Animacy=Anim|Case=Gen|Gender=Masc|Number=Plur	_	_	_	@say1965m-words#@say1965m#431.373#431.713
607	который...с	который...с	NOUN	_	Animacy=Inan|Case=Gen|Gender=Fem|Number=Plur	_	_	_	@say1965m-words#@say1965m#431.713#432.053
608	которым	который	PRON	_	Case=Dat	_	_	_	@say1965m-words#@say1965m#432.053#432.393
609	они	они	PRON	_	Case=Nom|Number=Plur|Person=3	_	_	_	@say1965m-words#@say1965m#432.393#432.733
610	достаточно	достаточно	ADV	_	Degree=Pos	_	_	_	@say1965m-words#@say1965m#432.733#433.073
611	активно	активно	ADV	_	Degree=Pos	_	_	_	@say1965m-words#@say1965m#433.073#433.413
612	работают	работать	VERB	_	Aspect=Imp|Mood=Ind|Number=Plur|Person=3|Tense=Pres|VerbForm=Fin|Voice=Act	_	_	_	@say1965m-words#@say1965m#433.413#433.753
613	сейчас	сейчас	ADV	_	Degree=Pos	_	_	_	@say1965m-words#@say1965m#433.753#434.099
614	плюс	плюс	ADP	_	_	_	_	_	@say1965m-words#@say1965m#434.516#434.944
615	/	/	PUNCT	_	_	_	_	_	@say1965m-words#@say1965m#434.944#435.372
616	это	это	PRON	_	Animacy=Inan|Case=Nom|Gender=Neut|Number=Sing	_	_	_	@say1965m-words#@say1965m#435.372#435.8
617	очень	очень	ADV	_	Degree=Pos	_	_	_	@say1965m-words#@say1965m#435.8#436.228
618	профессиональная	профессиональный	ADJ	_	Case=Nom|Degree=Pos|Gender=Fem|Number=Sing	_	_	_	@say1965m-words#@say1965m#436.228#436.656
619	команда	команда	NOUN	_	Animacy=Inan|Case=Nom|Gender=Fem|Number=Sing	_	_	_	@say1965m-words#@say1965m#436.656#437.084
620	которая	который	PRON	_	Case=Nom	_	_	_	@say1965m-words#@say1965m#437.084#437.512
621	/	/	PUNCT	_	_	_	_	_	@say1965m-words#@say1965m#437.512#437.94
622	все	весь	DET	_	Case=Acc|Number=Plur	_	_	_	@say1965m-words#@say1965m#437.94#438.368
623	каналы	канал	NOUN	_	Animacy=Inan|Case=Acc|Gender=Masc|Number=Plur	_	_	_	@say1965m-words#@say1965m#438.368#438.796
624	продаж	продажа	NOUN	_	Animacy=Inan|Case=Gen|Gender=Fem|Number=Plur	_	_	_	@say1965m-words#@say1965m#438.796#439.224
625	использует	использовать	VERB	_	Aspect=Imp|Mood=Ind|Number=Sing|Person=3|Tense=Pres|VerbForm=Fin|Voice=Act	_	_	_	@say1965m-words#@say1965m#439.224#439.652
626	максимально	максимально	ADV	_	Degree=Pos	_	_	_	@say1965m-words#@say1965m#439.652#440.08
627	эффективно	эффективно	ADV	_	Degree=Pos	_	_	_	@say1965m-words#@say1965m#440.08#440.516
628	аа	а	NOUN	_	Animacy=Inan|Case=Gen|Gender=Masc|Number=Sing	_	_	_	@say1965m-words#@say1965m#441.133#441.416
629	если	если	SCONJ	_	_	_	_	_	@say1965m-words#@say1965m#441.416#441.699
630	говорить	говорить	VERB	_	Aspect=Imp|VerbForm=Inf|Voice=Act	_	_	_	@say1965m-words#@say1965m#441.699#441.982
631	про	про	ADP	_	_	_	_	_	@say1965m-words#@say1965m#441.982#442.265
632	второго	второй	ADJ	_	Case=Gen|Degree=Pos|Gender=Masc|Number=Sing	_	_	_	@say1965m-words#@say1965m#442.265#442.548
633	третьего	третий	ADJ	_	Case=Gen|Degree=Pos|Gender=Masc|Number=Sing	_	_	_	@say1965m-words#@say1965m#442.548#442.831
634	четвертого	четвертый	ADJ	_	Case=Gen|Degree=Pos|Gender=Masc|Number=Sing	_	_	_	@say1965m-words#@say1965m#442.831#443.114
635	пятого	пятый	ADJ	_	Case=Gen|Degree=Pos|Gender=Masc|Number=Sing	_	_	_	@say1965m-words#@say1965m#443.114#443.397
636	это	это	PRON	_	Animacy=Inan|Case=Nom|Gender=Neut|Number=Sing	_	_	_	@say1965m-words#@say1965m#443.397#443.68
637	целый	целый	ADJ	_	Case=Nom|Degree=Pos|Gender=Masc|Number=Sing	_	_	_	@say1965m-words#@say1965m#443.68#443.963
638	такой	такой	DET	_	Case=Nom|Gender=Masc|Number=Sing	_	_	_	@say1965m-words#@say1965m#443.963#444.246
639	пул	пул	NOUN	_	Animacy=Inan|Case=Nom|Gender=Masc|Number=Sing	_	_	_	@say1965m-words#@say1965m#444.246#444.529
640	наверное	наверное	ADV	_	Degree=Pos	_	_	_	@say1965m-words#@say1965m#444.529#444.812
641	игроков	игрок	NOUN	_	Animacy=Anim|Case=Acc|Gender=Masc|Number=Plur	_	_	_	@say1965m-words#@say1965m#444.812#445.095
642	сейчас	сейчас	ADV	_	Degree=Pos	_	_	_	@say1965m-words#@say1965m#445.095#445.378
643	это	этот	PRON	_	Animacy=Inan|Case=Acc|Gender=Neut|Number=Sing	_	_	_	@say1965m-words#@say1965m#445.378#445.661
644	и	и	CCONJ	_	_	_	_	_	@say1965m-words#@say1965m#445.661#445.944
645	тот	тот	DET	_	Case=Nom|Gender=Masc|Number=Sing	_	_	_	@say1965m-words#@say1965m#445.944#446.227
646	же	же	PART	_	_	_	_	_	@say1965m-words#@say1965m#446.227#446.51
647	ван	ван	PART	_	_	_	_	_	@say1965m-words#@say1965m#446.51#446.793
648	ту	тот	DET	_	Case=Acc|Gender=Fem|Number=Sing	_	_	_	@say1965m-words#@say1965m#446.793#447.076
649	три	три	NUM	_	Animacy=Inan|Case=Acc	_	_	_	@say1965m-words#@say1965m#447.076#447.359
650	пэт	пэт	NOUN	_	Animacy=Inan|Case=Dat|Gender=Masc|Number=Sing	_	_	_	@say1965m-words#@say1965m#447.359#447.642
651	/	/	PUNCT	_	_	_	_	_	@say1965m-words#@say1965m#447.642#447.925
652	аа	а	NOUN	_	Animacy=Inan|Case=Gen|Gender=Masc|Number=Sing	_	_	_	@say1965m-words#@say1965m#447.925#448.208
653	/	/	PUNCT	_	_	_	_	_	@say1965m-words#@say1965m#448.208#448.491
654	и	и	CCONJ	_	_	_	_	_	@say1965m-words#@say1965m#448.491#448.774
655	/	/	PUNCT	_	_	_	_	_	@say1965m-words#@say1965m#448.774#449.057
656	а	а	CCONJ	_	_	_	_	_	@say1965m-words#@say1965m#449.057#449.34
657	тикетс	тикетс	NOUN	_	Animacy=Inan|Case=Nom|Gender=Masc|Number=Sing	_	_	_	@say1965m-words#@say1965m#449.34#449.623
658	ру	ер	NOUN	_	Animacy=Inan|Case=Dat|Gender=Masc|Number=Sing	_	_	_	@say1965m-words#@say1965m#449.623#449.906
659	мы	мы	PRON	_	Case=Nom|Number=Plur|Person=1	_	_	_	@say1965m-words#@say1965m#449.906#450.189
660	где-то	где-то	ADV	_	Degree=Pos	_	_	_	@say1965m-words#@say1965m#450.189#450.472
661	рядом	рядом	ADV	_	Degree=Pos	_	_	_	@say1965m-words#@say1965m#450.472#450.755
662	/	/	PUNCT	_	_	_	_	_	@say1965m-words#@say1965m#450.755#451.038
663	да	да	PART	_	_	_	_	_	@say1965m-words#@say1965m#451.038#451.321
664	то	то	PRON	_	Animacy=Inan|Case=Nom|Gender=Neut|Number=Sing	_	_	_	@say1965m-words#@say1965m#451.321#451.604
665	есть	быть	VERB	_	Aspect=Imp|Mood=Ind|Number=Sing|Person=3|Tense=Pres|VerbForm=Fin|Voice=Act	_	_	_	@say1965m-words#@say1965m#451.604#451.887
666	здесь	здесь	ADV	_	Degree=Pos	_	_	_	@say1965m-words#@say1965m#451.887#452.17
667	/	/	PUNCT	_	_	_	_	_	@say1965m-words#@say1965m#452.17#452.453
668	тяжело	тяжелый	ADJ	_	Degree=Pos|Gender=Neut|Number=Sing|Variant=Short	_	_	_	@say1965m-words#@say1965m#452.453#452.736
669	сказать	сказать	VERB	_	Aspect=Perf|VerbForm=Inf|Voice=Act	_	_	_	@say1965m-words#@say1965m#452.736#453.019
670	/	/	PUNCT	_	_	_	_	_	@say1965m-words#@say1965m#453.019#453.302
671	потому	потому	ADV	_	Degree=Pos	_	_	_	@say1965m-words#@say1965m#453.302#453.585
672	что	что	SCONJ	_	_	_	_	_	@say1965m-words#@say1965m#453.585#453.868
673	очень	очень	ADV	_	Degree=Pos	_	_	_	@say1965m-words#@say1965m#453.868#454.151
674	сложно	сложный	ADJ	_	Degree=Pos|Gender=Neut|Number=Sing|Variant=Short	_	_	_	@say1965m-words#@say1965m#454.151#454.434
675	сравнить	сровнять	VERB	_	Aspect=Perf|VerbForm=Inf|Voice=Act	_	_	_	@say1965m-words#@say1965m#454.434#454.717
676	на	на	ADP	_	_	_	_	_	@say1965m-words#@say1965m#454.717#455.0
677	самом	самый	ADJ	_	Case=Loc|Degree=Pos|Gender=Neut|Number=Sing	_	_	_	@say1965m-words#@say1965m#455.0#455.283
678	деле	дело	NOUN	_	Animacy=Inan|Case=Loc|Gender=Neut|Number=Sing	_	_	_	@say1965m-words#@say1965m#455.283#455.566
679	и	и	CCONJ	_	_	_	_	_	@say1965m-words#@say1965m#455.566#455.849
680	понять	понять	VERB	_	Aspect=Perf|VerbForm=Inf|Voice=Act	_	_	_	@say1965m-words#@say1965m#455.849#456.132
681	/	/	PUNCT	_	_	_	_	_	@say1965m-words#@say1965m#456.132#456.415
682	где	где	ADV	_	Degree=Pos	_	_	_	@say1965m-words#@say1965m#456.415#456.698
683	же	же	PART	_	_	_	_	_	@say1965m-words#@say1965m#456.698#456.981
684	вот	вот	PART	_	_	_	_	_	@say1965m-words#@say1965m#456.981#457.264
685	эти	этот	DET	_	Case=Nom|Number=Plur	_	_	_	@say1965m-words#@say1965m#457.264#457.547
686	вот	вот	PART	_	_	_	_	_	@say1965m-words#@say1965m#457.547#457.83
687	реальные	реальный	ADJ	_	Case=Nom|Degree=Pos|Number=Plur	_	_	_	@say1965m-words#@say1965m#457.83#458.113
688	цифры	цифра	NOUN	_	Animacy=Inan|Case=Nom|Gender=Fem|Number=Plur	_	_	_	@say1965m-words#@say1965m#458.113#458.396
689	и	и	CCONJ	_	_	_	_	_	@say1965m-words#@say1965m#458.396#458.679
690	к	к	ADP	_	_	_	_	_	@say1965m-words#@say1965m#458.679#458.962
691	большому	большой	ADJ	_	Case=Dat|Degree=Pos|Gender=Neut|Number=Sing	_	_	_	@say1965m-words#@say1965m#458.962#459.245
692	сожалению	сожаление	NOUN	_	Animacy=Inan|Case=Dat|Gender=Neut|Number=Sing	_	_	_	@say1965m-words#@say1965m#459.245#459.528
693	/	/	PUNCT	_	_	_	_	_	@say1965m-words#@say1965m#459.528#459.811
694	все	весь	DET	_	Case=Nom|Number=Plur	_	_	_	@say1965m-words#@say1965m#459.811#460.094
695	попытки	попытка	NOUN	_	Animacy=Inan|Case=Nom|Gender=Fem|Number=Plur	_	_	_	@say1965m-words#@say1965m#460.094#460.377
696	даже	даже	PART	_	_	_	_	_	@say1965m-words#@say1965m#460.377#460.66
697	/	/	PUNCT	_	_	_	_	_	@say1965m-words#@say1965m#460.66#460.943
698	аа	ао	NOUN	_	Animacy=Inan|Case=Gen|Gender=Masc|Number=Sing	_	_	_	@say1965m-words#@say1965m#460.943#461.226
699	агенств	агенство	NOUN	_	Animacy=Inan|Case=Gen|Gender=Neut|Number=Plur	_	_	_	@say1965m-words#@say1965m#461.226#461.509
700	которые	который	PRON	_	Case=Acc	_	_	_	@say1965m-words#@say1965m#461.509#461.792
701	работают	работать	VERB	_	Aspect=Imp|Mood=Ind|Number=Plur|Person=3|Tense=Pres|VerbForm=Fin|Voice=Act	_	_	_	@say1965m-words#@say1965m#461.792#462.075
702	с	с	ADP	_	_	_	_	_	@say1965m-words#@say1965m#462.075#462.358
703	точки	точка	NOUN	_	Animacy=Inan|Case=Gen|Gender=Fem|Number=Sing	_	_	_	@say1965m-words#@say1965m#462.358#462.641
704	зрения	зрение	NOUN	_	Animacy=Inan|Case=Gen|Gender=Neut|Number=Sing	_	_	_	@say1965m-words#@say1965m#462.641#462.924
705	подсчета	подсчет	NOUN	_	Animacy=Inan|Case=Gen|Gender=Masc|Number=Sing	_	_	_	@say1965m-words#@say1965m#462.924#463.207
706	результатов	результат	NOUN	_	Animacy=Inan|Case=Gen|Gender=Masc|Number=Plur	_	_	_	@say1965m-words#@say1965m#463.207#463.49
707	и	и	CCONJ	_	_	_	_	_	@say1965m-words#@say1965m#463.49#463.773
708	вот	вот	PART	_	_	_	_	_	@say1965m-words#@say1965m#463.773#464.056
709	и	и	PART	_	_	_	_	_	@say1965m-words#@say1965m#464.056#464.339
710	/	/	PUNCT	_	_	_	_	_	@say1965m-words#@say1965m#464.339#464.622
711	оценки	оценка	NOUN	_	Animacy=Inan|Case=Nom|Gender=Fem|Number=Plur	_	_	_	@say1965m-words#@say1965m#464.622#464.905
712	рынка	рынок	NOUN	_	Animacy=Inan|Case=Gen|Gender=Masc|Number=Sing	_	_	_	@say1965m-words#@say1965m#464.905#465.188
713	/	/	PUNCT	_	_	_	_	_	@say1965m-words#@say1965m#465.188#465.471
714	они	они	PRON	_	Case=Nom|Number=Plur|Person=3	_	_	_	@say1965m-words#@say1965m#465.471#465.754
715	/	/	PUNCT	_	_	_	_	_	@say1965m-words#@say1965m#465.754#466.037
716	оперируют	оперировать	VERB	_	Aspect=Imp|Mood=Ind|Number=Plur|Person=3|Tense=Pres|VerbForm=Fin|Voice=Act	_	_	_	@say1965m-words#@say1965m#466.037#466.32
717	общими	общий	ADJ	_	Case=Ins|Degree=Pos|Number=Plur	_	_	_	@say1965m-words#@say1965m#466.32#466.603
718	цифпами	цифп	NOUN	_	Animacy=Inan|Case=Ins|Gender=Fem|Number=Plur	_	_	_	@say1965m-words#@say1965m#466.603#466.886
719	/	/	PUNCT	_	_	_	_	_	@say1965m-words#@say1965m#466.886#467.169
720	а	а	CCONJ	_	_	_	_	_	@say1965m-words#@say1965m#467.169#467.452
721	как	как	ADV	_	Degree=Pos	_	_	_	@say1965m-words#@say1965m#467.452#467.735
722	только	только	PART	_	_	_	_	_	@say1965m-words#@say1965m#467.735#468.018
723	доходит	доходить	VERB	_	Aspect=Imp|Mood=Ind|Number=Sing|Person=3|Tense=Pres|VerbForm=Fin|Voice=Act	_	_	_	@say1965m-words#@say1965m#468.018#468.301
724	до	до	ADP	_	_	_	_	_	@say1965m-words#@say1965m#468.301#468.584
725	конкретных	конкретный	ADJ	_	Case=Gen|Degree=Pos|Number=Plur	_	_	_	@say1965m-words#@say1965m#468.584#468.867
726	цифр	цифра	NOUN	_	Animacy=Inan|Case=Gen|Gender=Fem|Number=Plur	_	_	_	@say1965m-words#@say1965m#468.867#469.15
727	каждого	каждый	DET	_	Case=Gen|Gender=Masc|Number=Sing	_	_	_	@say1965m-words#@say1965m#469.15#469.433
728	из	из	ADP	_	_	_	_	_	@say1965m-words#@say1965m#469.433#469.716
729	агенств	агенство	NOUN	_	Animacy=Inan|Case=Gen|Gender=Neut|Number=Plur	_	_	_	@say1965m-words#@say1965m#469.716#469.999
730	тут	тут	ADV	_	Degree=Pos	_	_	_	@say1965m-words#@say1965m#469.999#470.282
731	приходится	приходиться	VERB	_	Aspect=Imp|Mood=Ind|Number=Sing|Person=3|Tense=Pres|VerbForm=Fin|Voice=Mid	_	_	_	@say1965m-words#@say1965m#470.282#470.565
732	им	они	PRON	_	Case=Dat|Number=Plur|Person=3	_	_	_	@say1965m-words#@say1965m#470.565#470.848
733	/	/	PUNCT	_	_	_	_	_	@say1965m-words#@say1965m#470.848#471.131
734	верить	верить	VERB	_	Aspect=Imp|VerbForm=Inf|Voice=Act	_	_	_	@say1965m-words#@say1965m#471.131#471.414
735	на	на	ADP	_	_	_	_	_	@say1965m-words#@say1965m#471.414#471.697
736	слово	слово	NOUN	_	Animacy=Inan|Case=Acc|Gender=Neut|Number=Sing	_	_	_	@say1965m-words#@say1965m#471.697#471.98
737	/	/	PUNCT	_	_	_	_	_	@say1965m-words#@say1965m#471.98#472.263
738	но	но	CCONJ	_	_	_	_	_	@say1965m-words#@say1965m#472.263#472.546
739	если	если	SCONJ	_	_	_	_	_	@say1965m-words#@say1965m#472.546#472.829
740	мы	мы	PRON	_	Case=Nom|Number=Plur|Person=1	_	_	_	@say1965m-words#@say1965m#472.829#473.112
741	возьмем	брать	VERB	_	Aspect=Perf|Mood=Ind|Number=Plur|Person=1|Tense=Fut|VerbForm=Fin|Voice=Act	_	_	_	@say1965m-words#@say1965m#473.112#473.395
742	/	/	PUNCT	_	_	_	_	_	@say1965m-words#@say1965m#473.395#473.678
743	и	и	CCONJ	_	_	_	_	_	@say1965m-words#@say1965m#473.678#473.961
744	тупо	тупо	ADV	_	Degree=Pos	_	_	_	@say1965m-words#@say1965m#473.961#474.244
745	посчитаем	счесть	VERB	_	Aspect=Perf|Mood=Ind|Number=Plur|Person=1|Tense=Fut|VerbForm=Fin|Voice=Act	_	_	_	@say1965m-words#@say1965m#474.244#474.527
746	/	/	PUNCT	_	_	_	_	_	@say1965m-words#@say1965m#474.527#474.81
747	объем	объем	NOUN	_	Animacy=Inan|Case=Nom|Gender=Masc|Number=Sing	_	_	_	@say1965m-words#@say1965m#474.81#475.093
748	каждого	каждый	DET	_	Case=Gen|Gender=Masc|Number=Sing	_	_	_	@say1965m-words#@say1965m#475.093#475.376
749	из	из	ADP	_	_	_	_	_	@say1965m-words#@say1965m#475.376#475.659
750	этих	этот	DET	_	Case=Gen|Number=Plur	_	_	_	@say1965m-words#@say1965m#475.659#475.942
751	агенств	агенство	NOUN	_	Animacy=Inan|Case=Gen|Gender=Neut|Number=Plur	_	_	_	@say1965m-words#@say1965m#475.942#476.225
752	к	к	ADP	_	_	_	_	_	@say1965m-words#@say1965m#476.225#476.508
753	сожалению	сожаление	NOUN	_	Animacy=Inan|Case=Dat|Gender=Neut|Number=Sing	_	_	_	@say1965m-words#@say1965m#476.508#476.791
754	не	не	PART	_	_	_	_	_	@say1965m-words#@say1965m#476.791#477.074
755	получится	получиться	VERB	_	Aspect=Perf|Mood=Ind|Number=Sing|Person=3|Tense=Fut|VerbForm=Fin|Voice=Mid	_	_	_	@say1965m-words#@say1965m#477.074#477.357
756	общая	общий	ADJ	_	Case=Nom|Degree=Pos|Gender=Fem|Number=Sing	_	_	_	@say1965m-words#@say1965m#477.357#477.64
757	цифра	цифра	NOUN	_	Animacy=Inan|Case=Nom|Gender=Fem|Number=Sing	_	_	_	@say1965m-words#@say1965m#477.64#478.049
758	ну	ну	PART	_	_	_	_	_	@say1965m-words#@say1965m#478.116#478.4
759	вот	вот	PART	_	_	_	_	_	@say1965m-words#@say1965m#478.4#478.684
760	такова	таков	ADJ	_	Degree=Pos|Gender=Fem|Number=Sing|Variant=Short	_	_	_	@say1965m-words#@say1965m#478.684#478.968
761	специфика	специфика	NOUN	_	Animacy=Inan|Case=Nom|Gender=Fem|Number=Sing	_	_	_	@say1965m-words#@say1965m#478.968#479.252
762	/	/	PUNCT	_	_	_	_	_	@say1965m-words#@say1965m#479.252#479.536
763	то	то	PRON	_	Animacy=Inan|Case=Nom|Gender=Neut|Number=Sing	_	_	_	@say1965m-words#@say1965m#479.536#479.82
764	есть	быть	VERB	_	Aspect=Imp|Mood=Ind|Number=Sing|Person=3|Tense=Pres|VerbForm=Fin|Voice=Act	_	_	_	@say1965m-words#@say1965m#479.82#480.104
765	/	/	PUNCT	_	_	_	_	_	@say1965m-words#@say1965m#480.104#480.388
766	эти	этот	DET	_	Case=Nom|Number=Plur	_	_	_	@say1965m-words#@say1965m#480.388#480.672
767	цифры	цифра	NOUN	_	Animacy=Inan|Case=Nom|Gender=Fem|Number=Plur	_	_	_	@say1965m-words#@say1965m#480.672#480.956
768	закрыты	закрыть	VERB	_	Aspect=Perf|Number=Plur|Tense=Past|Variant=Short|VerbForm=Part|Voice=Pass	_	_	_	@say1965m-words#@say1965m#480.956#481.24
769	и	и	CCONJ	_	_	_	_	_	@say1965m-words#@say1965m#481.24#481.524
770	многие	много	NUM	_	_	_	_	_	@say1965m-words#@say1965m#481.524#481.808
771	из	из	ADP	_	_	_	_	_	@say1965m-words#@say1965m#481.808#482.092
772	них	они	PRON	_	Case=Gen|Number=Plur|Person=3	_	_	_	@say1965m-words#@say1965m#482.092#482.376
773	на	на	ADP	_	_	_	_	_	@say1965m-words#@say1965m#482.376#482.66
774	самом	самый	ADJ	_	Case=Loc|Degree=Pos|Gender=Neut|Number=Sing	_	_	_	@say1965m-words#@say1965m#482.66#482.944
775	деле	дело	NOUN	_	Animacy=Inan|Case=Loc|Gender=Neut|Number=Sing	_	_	_	@say1965m-words#@say1965m#482.944#483.228
776	они	они	PRON	_	Case=Nom|Number=Plur|Person=3	_	_	_	@say1965m-words#@say1965m#483.228#483.512
777	/	/	PUNCT	_	_	_	_	_	@say1965m-words#@say1965m#483.512#483.796
778	аа	а	NOUN	_	Animacy=Inan|Case=Nom|Gender=Fem|Number=Sing	_	_	_	@say1965m-words#@say1965m#483.796#484.08
779	поскольку	поскольку	SCONJ	_	_	_	_	_	@say1965m-words#@say1965m#484.08#484.364
780	/	/	PUNCT	_	_	_	_	_	@say1965m-words#@say1965m#484.364#484.648
781	наша	наш	DET	_	Case=Nom|Gender=Fem|Number=Sing	_	_	_	@say1965m-words#@say1965m#484.648#484.932
782	отрасль	отрасль	NOUN	_	Animacy=Inan|Case=Nom|Gender=Fem|Number=Sing	_	_	_	@say1965m-words#@say1965m#484.932#485.216
783	она	она	PRON	_	Case=Nom|Gender=Fem|Number=Sing|Person=3	_	_	_	@say1965m-words#@say1965m#485.216#485.5
784	все-таки	все-таки	PART	_	_	_	_	_	@say1965m-words#@say1965m#485.5#485.784
785	пока	пока	ADV	_	Degree=Pos	_	_	_	@say1965m-words#@say1965m#485.784#486.068
786	/	/	PUNCT	_	_	_	_	_	@say1965m-words#@say1965m#486.068#486.352
787	не	не	PART	_	_	_	_	_	@say1965m-words#@say1965m#486.352#486.636
788	публичная	публичный	ADJ	_	Case=Nom|Degree=Pos|Gender=Fem|Number=Sing	_	_	_	@say1965m-words#@say1965m#486.636#486.92
789	/	/	PUNCT	_	_	_	_	_	@say1965m-words#@say1965m#486.92#487.204
790	и	и	CCONJ	_	_	_	_	_	@say1965m-words#@say1965m#487.204#487.488
791	тех	тот	DET	_	Case=Gen|Number=Plur	_	_	_	@say1965m-words#@say1965m#487.488#487.772
792	игроков	игрок	NOUN	_	Animacy=Anim|Case=Gen|Gender=Masc|Number=Plur	_	_	_	@say1965m-words#@say1965m#487.772#488.056
793	которые	который	PRON	_	Case=Nom	_	_	_	@say1965m-words#@say1965m#488.056#488.34
794	реально	реально	ADV	_	Degree=Pos	_	_	_	@say1965m-words#@say1965m#488.34#488.624
795	там	там	ADV	_	Degree=Pos	_	_	_	@say1965m-words#@say1965m#488.624#488.908
796	/	/	PUNCT	_	_	_	_	_	@say1965m-words#@say1965m#488.908#489.192
797	а	а	CCONJ	_	_	_	_	_	@say1965m-words#@say1965m#489.192#489.476
798	/	/	PUNCT	_	_	_	_	_	@say1965m-words#@say1965m#489.476#489.76
799	привлекают	привлекать	VERB	_	Aspect=Imp|Mood=Ind|Number=Plur|Person=3|Tense=Pres|VerbForm=Fin|Voice=Act	_	_	_	@say1965m-words#@say1965m#489.76#490.044
800	деньги	деньги	NOUN	_	Animacy=Inan|Case=Nom|Gender=Fem|Number=Plur	_	_	_	@say1965m-words#@say1965m#490.044#490.328
801	на	на	ADP	_	_	_	_	_	@say1965m-words#@say1965m#490.328#490.612
802	открытом	открытый	ADJ	_	Case=Loc|Degree=Pos|Gender=Masc|Number=Sing	_	_	_	@say1965m-words#@say1965m#490.612#490.896
803	рынке	рынок	NOUN	_	Animacy=Inan|Case=Loc|Gender=Masc|Number=Sing	_	_	_	@say1965m-words#@say1965m#490.896#491.18
804	их	они	PRON	_	Case=Acc|Number=Plur|Person=3	_	_	_	@say1965m-words#@say1965m#491.18#491.464
805	практически	практически	ADV	_	Degree=Pos	_	_	_	@say1965m-words#@say1965m#491.464#491.748
806	нету	нет	VERB	_	Aspect=Imp|Mood=Ind|Number=Sing|Person=3|Tense=Pres|VerbForm=Fin|Voice=Act	_	_	_	@say1965m-words#@say1965m#491.748#492.032
807	/	/	PUNCT	_	_	_	_	_	@say1965m-words#@say1965m#492.032#492.316
808	поэтому	поэтому	ADV	_	Degree=Pos	_	_	_	@say1965m-words#@say1965m#492.316#492.6
809	вот	вот	PART	_	_	_	_	_	@say1965m-words#@say1965m#492.6#492.884
810	этой	этот	DET	_	Case=Gen|Gender=Fem|Number=Sing	_	_	_	@say1965m-words#@say1965m#492.884#493.168
811	информации	информация	NOUN	_	Animacy=Inan|Case=Gen|Gender=Fem|Number=Sing	_	_	_	@say1965m-words#@say1965m#493.168#493.452
812	к	к	ADP	_	_	_	_	_	@say1965m-words#@say1965m#493.452#493.736
813	сожалению	сожаление	NOUN	_	Animacy=Inan|Case=Dat|Gender=Neut|Number=Sing	_	_	_	@say1965m-words#@say1965m#493.736#494.02
814	приходится	приходиться	VERB	_	Aspect=Imp|Mood=Ind|Number=Sing|Person=3|Tense=Pres|VerbForm=Fin|Voice=Mid	_	_	_	@say1965m-words#@say1965m#494.02#494.304
815	верить	верить	VERB	_	Aspect=Imp|VerbForm=Inf|Voice=Act	_	_	_	@say1965m-words#@say1965m#494.304#494.588
816	только	только	PART	_	_	_	_	_	@say1965m-words#@say1965m#494.588#494.872
817	вот	вот	PART	_	_	_	_	_	@say1965m-words#@say1965m#494.872#495.156
818	/	/	PUNCT	_	_	_	_	_	@say1965m-words#@say1965m#495.156#495.44
819	аа	а	NOUN	_	Animacy=Inan|Case=Gen|Gender=Masc|Number=Sing	_	_	_	@say1965m-words#@say1965m#495.44#495.724
820	разговария	разговария	NOUN	_	Animacy=Inan|Case=Gen|Gender=Masc|Number=Sing	_	_	_	@say1965m-words#@say1965m#495.724#496.008
821	с	с	ADP	_	_	_	_	_	@say1965m-words#@say1965m#496.008#496.292
822	экспертами	эксперт	NOUN	_	Animacy=Anim|Case=Ins|Gender=Masc|Number=Plur	_	_	_	@say1965m-words#@say1965m#496.292#496.576
823	рынка	рынок	NOUN	_	Animacy=Inan|Case=Gen|Gender=Masc|Number=Sing	_	_	_	@say1965m-words#@say1965m#496.576#496.899
824	то	то	SCONJ	_	_	_	_	_	@isg1963m-words#@isg1963m#207.782#208.108
825	е...	е...	PROPN	_	Animacy=Anim|Case=Dat|Gender=Fem|Number=Sing	_	_	_	@isg1963m-words#@isg1963m#208.108#208.434
826	в	в	ADP	_	_	_	_	_	@isg1963m-words#@isg1963m#208.434#208.76
827	этом	этот	PRON	_	Animacy=Inan|Case=Loc|Gender=Neut|Number=Sing	_	_	_	@isg1963m-words#@isg1963m#208.76#209.086
828	основная	основной	ADJ	_	Case=Nom|Degree=Pos|Gender=Fem|Number=Sing	_	_	_	@isg1963m-words#@isg1963m#209.086#209.412
829	причина	причина	NOUN	_	Animacy=Inan|Case=Nom|Gender=Fem|Number=Sing	_	_	_	@isg1963m-words#@isg1963m#209.412#209.738
830	/	/	PUNCT	_	_	_	_	_	@isg1963m-words#@isg1963m#209.738#210.064
831	того	то	PRON	_	Animacy=Inan|Case=Gen|Gender=Neut|Number=Sing	_	_	_	@isg1963m-words#@isg1963m#210.064#210.39
832	что	что	SCONJ	_	_	_	_	_	@isg1963m-words#@isg1963m#210.39#210.716
833	авиакомпании	авиакомпания	NOUN	_	Animacy=Inan|Case=Gen|Gender=Fem|Number=Sing	_	_	_	@isg1963m-words#@isg1963m#210.716#211.042
834	настолько	настолько	ADV	_	Degree=Pos	_	_	_	@isg1963m-words#@isg1963m#211.042#211.368
835	как	как	SCONJ	_	_	_	_	_	@isg1963m-words#@isg1963m#211.368#211.694
836	говорится	говорить	VERB	_	Aspect=Imp|Mood=Ind|Number=Sing|Person=3|Tense=Pres|VerbForm=Fin|Voice=Pass	_	_	_	@isg1963m-words#@isg1963m#211.694#212.02
837	/	/	PUNCT	_	_	_	_	_	@isg1963m-words#@isg1963m#212.02#212.346
838	аa	аa	X	_	Foreign=Yes	_	_	_	@isg1963m-words#@isg1963m#212.346#212.672
839	полагаются	полагаться	VERB	_	Aspect=Imp|Mood=Ind|Number=Plur|Person=3|Tense=Pres|VerbForm=Fin|Voice=Pass	_	_	_	@isg1963m-words#@isg1963m#212.672#212.998
840	на	на	ADP	_	_	_	_	_	@isg1963m-words#@isg1963m#212.998#213.324
841	сервис	сервис	NOUN	_	Animacy=Inan|Case=Acc|Gender=Masc|Number=Sing	_	_	_	@isg1963m-words#@isg1963m#213.324#213.65
842	онлайн	онлайн	NOUN	_	Animacy=Inan|Case=Nom|Gender=Masc|Number=Sing	_	_	_	@isg1963m-words#@isg1963m#213.65#213.976
843	продажи	продажа	NOUN	_	Animacy=Inan|Case=Gen|Gender=Fem|Number=Sing	_	_	_	@isg1963m-words#@isg1963m#213.976#214.302
844	билетов	билет	NOUN	_	Animacy=Inan|Case=Gen|Gender=Masc|Number=Plur	_	_	_	@isg1963m-words#@isg1963m#214.302#214.628
845	/	/	PUNCT	_	_	_	_	_	@isg1963m-words#@isg1963m#214.628#214.954
846	то	то	PRON	_	Animacy=Inan|Case=Nom|Gender=Neut|Number=Sing	_	_	_	@isg1963m-words#@isg1963m#214.954#215.28
847	есть	быть	VERB	_	Aspect=Imp|Mood=Ind|Number=Sing|Person=3|Tense=Pres|VerbForm=Fin|Voice=Act	_	_	_	@isg1963m-words#@isg1963m#215.28#215.606
848	им	они	PRON	_	Case=Dat|Number=Plur|Person=3	_	_	_	@isg1963m-words#@isg1963m#215.606#215.932
849	просто	просто	PART	_	_	_	_	_	@isg1963m-words#@isg1963m#215.932#216.258
850	мм	миллиметр	NOUN	_	Animacy=Inan|Case=Nom|Gender=Masc|Number=Sing	_	_	_	@isg1963m-words#@isg1963m#216.258#216.592
851	достаточно	достаточно	ADV	_	Degree=Pos	_	_	_	@isg1963m-words#@isg1963m#216.654#217.043
852	большие	большой	ADJ	_	Case=Nom|Degree=Pos|Number=Plur	_	_	_	@isg1963m-words#@isg1963m#217.043#217.432
853	расходы	расход	NOUN	_	Animacy=Inan|Case=Nom|Gender=Masc|Number=Plur	_	_	_	@isg1963m-words#@isg1963m#217.432#217.821
854	на	на	ADP	_	_	_	_	_	@isg1963m-words#@isg1963m#217.821#218.21
855	перестройку	перестройка	NOUN	_	Animacy=Inan|Case=Acc|Gender=Fem|Number=Sing	_	_	_	@isg1963m-words#@isg1963m#218.21#218.599
856	собственного	собственный	ADJ	_	Case=Gen|Degree=Pos|Gender=Masc|Number=Sing	_	_	_	@isg1963m-words#@isg1963m#218.599#218.988
857	бизнеса?	бизнеса?	PUNCT	_	_	_	_	_	@isg1963m-words#@isg1963m#218.988#219.38
858	я	я	PRON	_	Case=Nom|Number=Sing|Person=1	_	_	_	@isg1963m-words#@isg1963m#220.022#220.358
859	просто	просто	PART	_	_	_	_	_	@isg1963m-words#@isg1963m#220.358#220.694
860	при...	при...	PROPN	_	Animacy=Anim|Case=Ins|Gender=Fem|Number=Sing	_	_	_	@isg1963m-words#@isg1963m#220.694#221.03
861	имею	иметь	VERB	_	Aspect=Imp|Mood=Ind|Number=Sing|Person=1|Tense=Pres|VerbForm=Fin|Voice=Act	_	_	_	@isg1963m-words#@isg1963m#221.03#221.366
862	перед	перед	ADP	_	_	_	_	_	@isg1963m-words#@isg1963m#221.366#221.702
863	собой	себя	PRON	_	Case=Ins	_	_	_	@isg1963m-words#@isg1963m#221.702#222.038
864	пример	пример	NOUN	_	Animacy=Inan|Case=Acc|Gender=Masc|Number=Sing	_	_	_	@isg1963m-words#@isg1963m#222.038#222.374
865	очень	очень	ADV	_	Degree=Pos	_	_	_	@isg1963m-words#@isg1963m#222.374#222.71
866	интересный	интересный	ADJ	_	Animacy=Inan|Case=Acc|Degree=Pos|Gender=Masc|Number=Sing	_	_	_	@isg1963m-words#@isg1963m#222.71#223.046
867	/	/	PUNCT	_	_	_	_	_	@isg1963m-words#@isg1963m#223.046#223.382
868	ааа	аа	NOUN	_	Animacy=Inan|Case=Gen|Gender=Masc|Number=Sing	_	_	_	@isg1963m-words#@isg1963m#223.382#223.718
869	платежных	платежный	ADJ	_	Case=Gen|Degree=Pos|Number=Plur	_	_	_	@isg1963m-words#@isg1963m#223.718#224.054
870	систем	система	NOUN	_	Animacy=Inan|Case=Gen|Gender=Fem|Number=Plur	_	_	_	@isg1963m-words#@isg1963m#224.054#224.39
871	и	и	CCONJ	_	_	_	_	_	@isg1963m-words#@isg1963m#224.39#224.726
872	банков	банк	NOUN	_	Animacy=Inan|Case=Gen|Gender=Masc|Number=Plur	_	_	_	@isg1963m-words#@isg1963m#224.726#225.066
873	а	а	CCONJ	_	_	_	_	_	@isg1963m-words#@isg1963m#225.516#225.795
874	банки	банк	NOUN	_	Animacy=Inan|Case=Acc|Gender=Masc|Number=Plur	_	_	_	@isg1963m-words#@isg1963m#225.795#226.074
875	начали	начать	VERB	_	Aspect=Perf|Mood=Ind|Number=Plur|Tense=Past|VerbForm=Fin|Voice=Act	_	_	_	@isg1963m-words#@isg1963m#226.074#226.353
876	развивать	развивать	VERB	_	Aspect=Imp|VerbForm=Inf|Voice=Act	_	_	_	@isg1963m-words#@isg1963m#226.353#226.632
877	онлайн	онлайн	NOUN	_	Animacy=Inan|Case=Acc|Gender=Masc|Number=Sing	_	_	_	@isg1963m-words#@isg1963m#226.632#226.911
878	банкинг	банкинг	NOUN	_	Animacy=Inan|Case=Acc|Gender=Masc|Number=Sing	_	_	_	@isg1963m-words#@isg1963m#226.911#227.19
879	который	который	PRON	_	Case=Nom	_	_	_	@isg1963m-words#@isg1963m#227.19#227.469
880	по	по	ADP	_	_	_	_	_	@isg1963m-words#@isg1963m#227.469#227.748
881	функционалу	функционал	NOUN	_	Animacy=Inan|Case=Dat|Gender=Masc|Number=Sing	_	_	_	@isg1963m-words#@isg1963m#227.748#228.027
882	в	в	ADP	_	_	_	_	_	@isg1963m-words#@isg1963m#228.027#228.306
883	онлайне	онлайне	NOUN	_	Animacy=Inan|Case=Loc|Gender=Masc|Number=Sing	_	_	_	@isg1963m-words#@isg1963m#228.306#228.585
884	стал	стать	VERB	_	Aspect=Perf|Gender=Masc|Mood=Ind|Number=Sing|Tense=Past|VerbForm=Fin|Voice=Mid	_	_	_	@isg1963m-words#@isg1963m#228.585#228.864
885	/	/	PUNCT	_	_	_	_	_	@isg1963m-words#@isg1963m#228.864#229.143
886	ааа	аа	NOUN	_	Animacy=Inan|Case=Nom|Gender=Fem|Number=Sing	_	_	_	@isg1963m-words#@isg1963m#229.143#229.422
887	/	/	PUNCT	_	_	_	_	_	@isg1963m-words#@isg1963m#229.422#229.701
888	вровень	вровень	NOUN	_	Animacy=Inan|Case=Nom|Gender=Masc|Number=Sing	_	_	_	@isg1963m-words#@isg1963m#229.701#229.98
889	с	с	ADP	_	_	_	_	_	@isg1963m-words#@isg1963m#229.98#230.259
890	платежными	платежный	ADJ	_	Case=Ins|Degree=Pos|Number=Plur	_	_	_	@isg1963m-words#@isg1963m#230.259#230.538
891	/	/	PUNCT	_	_	_	_	_	@isg1963m-words#@isg1963m#230.538#230.817
892	мм	мм	ADJ	_	Case=Gen|Degree=Pos|Gender=Fem|Number=Sing	_	_	_	@isg1963m-words#@isg1963m#230.817#231.096
893	эээ	эээ	NOUN	_	Animacy=Inan|Case=Gen|Gender=Fem|Number=Sing	_	_	_	@isg1963m-words#@isg1963m#231.096#231.375
894	системами	система	NOUN	_	Animacy=Inan|Case=Ins|Gender=Fem|Number=Plur	_	_	_	@isg1963m-words#@isg1963m#231.375#231.654
895	с	с	ADP	_	_	_	_	_	@isg1963m-words#@isg1963m#231.654#231.933
896	там	там	ADV	_	Degree=Pos	_	_	_	@isg1963m-words#@isg1963m#231.933#232.212
897	/	/	PUNCT	_	_	_	_	_	@isg1963m-words#@isg1963m#232.212#232.491
898	с	с	ADP	_	_	_	_	_	@isg1963m-words#@isg1963m#232.491#232.77
899	предположим	предположить	VERB	_	Aspect=Perf|Mood=Ind|Number=Plur|Person=1|Tense=Fut|VerbForm=Fin|Voice=Act	_	_	_	@isg1963m-words#@isg1963m#232.77#233.049
900	с	с	ADP	_	_	_	_	_	@isg1963m-words#@isg1963m#233.049#233.328
901	теми	тот	DET	_	Case=Ins|Number=Plur	_	_	_	@isg1963m-words#@isg1963m#233.328#233.607
902	же	же	PART	_	_	_	_	_	@isg1963m-words#@isg1963m#233.607#233.886
903	яндекс	яндекс	NOUN	_	Animacy=Inan|Case=Nom|Gender=Masc|Number=Sing	_	_	_	@isg1963m-words#@isg1963m#233.886#234.165
904	деньгами	деньги	NOUN	_	Animacy=Inan|Case=Ins|Gender=Fem|Number=Plur	_	_	_	@isg1963m-words#@isg1963m#234.165#234.444
905	/	/	PUNCT	_	_	_	_	_	@isg1963m-words#@isg1963m#234.444#234.723
906	даже	даже	PART	_	_	_	_	_	@isg1963m-words#@isg1963m#234.723#235.002
907	иногда	иногда	ADV	_	Degree=Pos	_	_	_	@isg1963m-words#@isg1963m#235.002#235.281
908	в	в	ADP	_	_	_	_	_	@isg1963m-words#@isg1963m#235.281#235.56
909	чем-то	что-то	PRON	_	Case=Loc	_	_	_	@isg1963m-words#@isg1963m#235.56#235.839
910	/	/	PUNCT	_	_	_	_	_	@isg1963m-words#@isg1963m#235.839#236.118
911	п...превышать	п...превышать	VERB	_	Aspect=Imp|VerbForm=Inf|Voice=Act	_	_	_	@isg1963m-words#@isg1963m#236.118#236.397
912	ну	ну	PART	_	_	_	_	_	@isg1963m-words#@isg1963m#236.397#236.676
913	или	или	CCONJ	_	_	_	_	_	@isg1963m-words#@isg1963m#236.676#236.955
914	как	как	SCONJ	_	_	_	_	_	@isg1963m-words#@isg1963m#236.955#237.234
915	минимум	минимум	NOUN	_	Animacy=Inan|Case=Acc|Gender=Masc|Number=Sing	_	_	_	@isg1963m-words#@isg1963m#237.234#237.513
916	вровень	вровень	ADV	_	Degree=Pos	_	_	_	@isg1963m-words#@isg1963m#237.513#237.829
917	а	а	CCONJ	_	_	_	_	_	@isg1963m-words#@isg1963m#238.308#238.566
918	тут	тут	ADV	_	Degree=Pos	_	_	_	@isg1963m-words#@isg1963m#238.566#238.824
919	ситуация	ситуация	NOUN	_	Animacy=Inan|Case=Nom|Gender=Fem|Number=Sing	_	_	_	@isg1963m-words#@isg1963m#238.824#239.082
920	когда	когда	SCONJ	_	_	_	_	_	@isg1963m-words#@isg1963m#239.082#239.34
921	не	не	PART	_	_	_	_	_	@isg1963m-words#@isg1963m#239.34#239.598
922	стали	стать	VERB	_	Aspect=Perf|Mood=Ind|Number=Plur|Tense=Past|VerbForm=Fin|Voice=Act	_	_	_	@isg1963m-words#@isg1963m#239.598#239.856
923	опираться	опираться	VERB	_	Aspect=Imp|VerbForm=Inf|Voice=Mid	_	_	_	@isg1963m-words#@isg1963m#239.856#240.114
924	на	на	ADP	_	_	_	_	_	@isg1963m-words#@isg1963m#240.114#240.372
925	сторонние	сторонние	ADJ	_	Animacy=Inan|Case=Acc|Degree=Pos|Number=Plur	_	_	_	@isg1963m-words#@isg1963m#240.372#240.63
926	сервисы	сервис	NOUN	_	Animacy=Inan|Case=Acc|Gender=Masc|Number=Plur	_	_	_	@isg1963m-words#@isg1963m#240.63#240.888
927	а	а	CCONJ	_	_	_	_	_	@isg1963m-words#@isg1963m#240.888#241.146
928	только	только	PART	_	_	_	_	_	@isg1963m-words#@isg1963m#241.146#241.404
929	под	под	ADP	_	_	_	_	_	@isg1963m-words#@isg1963m#241.404#241.662
930	себя	себя	PRON	_	Case=Acc	_	_	_	@isg1963m-words#@isg1963m#241.662#241.92
931	/	/	PUNCT	_	_	_	_	_	@isg1963m-words#@isg1963m#241.92#242.178
932	то	то	PRON	_	Animacy=Inan|Case=Nom|Gender=Neut|Number=Sing	_	_	_	@isg1963m-words#@isg1963m#242.178#242.436
933	есть	быть	VERB	_	Aspect=Imp|Mood=Ind|Number=Sing|Person=3|Tense=Pres|VerbForm=Fin|Voice=Act	_	_	_	@isg1963m-words#@isg1963m#242.436#242.694
934	у	у	ADP	_	_	_	_	_	@isg1963m-words#@isg1963m#242.694#242.952
935	авиакомпаний	авиакомпания	NOUN	_	Animacy=Inan|Case=Gen|Gender=Fem|Number=Plur	_	_	_	@isg1963m-words#@isg1963m#242.952#243.21
936	не	не	PART	_	_	_	_	_	@isg1963m-words#@isg1963m#243.21#243.468
937	такая	такой	DET	_	Case=Nom|Gender=Fem|Number=Sing	_	_	_	@isg1963m-words#@isg1963m#243.468#243.726
938	ситуация?	ситуация?	SYM	_	_	_	_	_	@isg1963m-words#@isg1963m#243.726#243.991
939	угу	уга	NOUN	_	Animacy=Anim|Case=Dat|Gender=Masc|Number=Sing	_	_	_	@isg1963m-words#@isg1963m#248.991#249.381
940	да	да	CCONJ	_	_	_	_	_	@isg1963m-words#@isg1963m#250.725#250.938
941	угу	уга	NOUN	_	Animacy=Anim|Case=Dat|Gender=Masc|Number=Sing	_	_	_	@isg1963m-words#@isg1963m#260.088#260.308
942	угу	уга	PROPN	_	Animacy=Anim|Case=Dat|Gender=Masc|Number=Sing	_	_	_	@isg1963m-words#@isg1963m#265.746#266.128
943	угу	уга	PROPN	_	Animacy=Anim|Case=Dat|Gender=Masc|Number=Sing	_	_	_	@isg1963m-words#@isg1963m#284.356#284.652
944	угу	уга	PROPN	_	Animacy=Anim|Case=Dat|Gender=Masc|Number=Sing	_	_	_	@isg1963m-words#@isg1963m#309.711#310.384
945	ну	ну	PART	_	_	_	_	_	@isg1963m-words#@isg1963m#323.775#324.099
946	вот	вот	PART	_	_	_	_	_	@isg1963m-words#@isg1963m#324.099#324.423
947	если	если	SCONJ	_	_	_	_	_	@isg1963m-words#@isg1963m#324.423#324.747
948	говорить	говорить	VERB	_	Aspect=Imp|VerbForm=Inf|Voice=Act	_	_	_	@isg1963m-words#@isg1963m#324.747#325.071
949	да	да	PART	_	_	_	_	_	@isg1963m-words#@isg1963m#325.071#325.395
950	об	о	ADP	_	_	_	_	_	@isg1963m-words#@isg1963m#325.395#325.719
951	этой	этот	DET	_	Case=Loc|Gender=Fem|Number=Sing	_	_	_	@isg1963m-words#@isg1963m#325.719#326.043
952	доле	доля	NOUN	_	Animacy=Inan|Case=Loc|Gender=Fem|Number=Sing	_	_	_	@isg1963m-words#@isg1963m#326.043#326.367
953	/	/	PUNCT	_	_	_	_	_	@isg1963m-words#@isg1963m#326.367#326.691
954	ааа	аа	NOUN	_	Animacy=Inan|Case=Nom|Gender=Fem|Number=Sing	_	_	_	@isg1963m-words#@isg1963m#326.691#327.015
955	ммм	мм	NOUN	_	Animacy=Inan|Case=Gen|Gender=Masc|Number=Sing	_	_	_	@isg1963m-words#@isg1963m#327.015#327.339
956	/	/	PUNCT	_	_	_	_	_	@isg1963m-words#@isg1963m#327.339#327.663
957	онлайн	онлайн	NOUN	_	Animacy=Inan|Case=Nom|Gender=Masc|Number=Sing	_	_	_	@isg1963m-words#@isg1963m#327.663#327.987
958	агентских	агентский	ADJ	_	Case=Gen|Degree=Pos|Number=Plur	_	_	_	@isg1963m-words#@isg1963m#327.987#328.311
959	продаж	продажа	NOUN	_	Animacy=Inan|Case=Gen|Gender=Fem|Number=Plur	_	_	_	@isg1963m-words#@isg1963m#328.311#328.635
960	котор...и	котор...ь	NOUN	_	Animacy=Inan|Case=Gen|Gender=Fem|Number=Sing	_	_	_	@isg1963m-words#@isg1963m#328.635#328.959
961	тоже	тоже	PART	_	_	_	_	_	@isg1963m-words#@isg1963m#328.959#329.283
962	по	по	ADP	_	_	_	_	_	@isg1963m-words#@isg1963m#329.283#329.607
963	моим	мой	DET	_	Case=Dat|Number=Plur	_	_	_	@isg1963m-words#@isg1963m#329.607#329.931
964	сведениям	сведение	NOUN	_	Animacy=Inan|Case=Dat|Gender=Neut|Number=Plur	_	_	_	@isg1963m-words#@isg1963m#329.931#330.255
965	двадцать	двадцать	NUM	_	Case=Acc	_	_	_	@isg1963m-words#@isg1963m#330.255#330.579
966	тридцать	тридцать	NUM	_	Case=Acc	_	_	_	@isg1963m-words#@isg1963m#330.579#330.903
967	процентов	процент	NOUN	_	Animacy=Inan|Case=Gen|Gender=Masc|Number=Plur	_	_	_	@isg1963m-words#@isg1963m#330.903#331.227
968	сейчас	сейчас	ADV	_	Degree=Pos	_	_	_	@isg1963m-words#@isg1963m#331.227#331.551
969	составляет	составлять	VERB	_	Aspect=Imp|Mood=Ind|Number=Sing|Person=3|Tense=Pres|VerbForm=Fin|Voice=Act	_	_	_	@isg1963m-words#@isg1963m#331.551#331.875
970	/	/	PUNCT	_	_	_	_	_	@isg1963m-words#@isg1963m#331.875#332.199
971	можно	можно	ADV	_	Degree=Pos	_	_	_	@isg1963m-words#@isg1963m#332.199#332.523
972	составить	составить	VERB	_	Aspect=Perf|VerbForm=Inf|Voice=Act	_	_	_	@isg1963m-words#@isg1963m#332.523#332.847
973	картину	картина	NOUN	_	Animacy=Inan|Case=Acc|Gender=Fem|Number=Sing	_	_	_	@isg1963m-words#@isg1963m#332.847#333.171
974	кто	кто	PRON	_	Case=Nom	_	_	_	@isg1963m-words#@isg1963m#333.171#333.495
975	/	/	PUNCT	_	_	_	_	_	@isg1963m-words#@isg1963m#333.495#333.819
976	мм	миллиметр	NOUN	_	Animacy=Inan|Case=Acc|Gender=Fem|Number=Sing	_	_	_	@isg1963m-words#@isg1963m#333.819#334.143
977	/	/	PUNCT	_	_	_	_	_	@isg1963m-words#@isg1963m#334.143#334.467
978	сейчас	сейчас	ADV	_	Degree=Pos	_	_	_	@isg1963m-words#@isg1963m#334.467#334.791
979	ведущие	ведущий	ADJ	_	Case=Nom|Degree=Pos|Number=Plur	_	_	_	@isg1963m-words#@isg1963m#334.791#335.115
980	игроки	игрок	NOUN	_	Animacy=Anim|Case=Nom|Gender=Masc|Number=Plur	_	_	_	@isg1963m-words#@isg1963m#335.115#335.439
981	и	и	CCONJ	_	_	_	_	_	@isg1963m-words#@isg1963m#335.439#335.763
982	какова	каков	ADJ	_	Degree=Pos|Gender=Fem|Number=Sing|Variant=Short	_	_	_	@isg1963m-words#@isg1963m#335.763#336.087
983	/	/	PUNCT	_	_	_	_	_	@isg1963m-words#@isg1963m#336.087#336.411
984	их	их	DET	_	_	_	_	_	@isg1963m-words#@isg1963m#336.411#336.735
985	доля	доля	NOUN	_	Animacy=Inan|Case=Nom|Gender=Fem|Number=Sing	_	_	_	@isg1963m-words#@isg1963m#336.735#337.059
986	рынка	рынок	NOUN	_	Animacy=Inan|Case=Gen|Gender=Masc|Number=Sing	_	_	_	@isg1963m-words#@isg1963m#337.059#337.383
987	именно	именно	PART	_	_	_	_	_	@isg1963m-words#@isg1963m#337.383#337.707
988	в	в	ADP	_	_	_	_	_	@isg1963m-words#@isg1963m#337.707#338.031
989	этих	этот	DET	_	Case=Loc|Number=Plur	_	_	_	@isg1963m-words#@isg1963m#338.031#338.355
990	агентских	агентский	ADJ	_	Case=Loc|Degree=Pos|Number=Plur	_	_	_	@isg1963m-words#@isg1963m#338.355#338.679
991	продажах	продажа	NOUN	_	Animacy=Inan|Case=Loc|Gender=Masc|Number=Plur	_	_	_	@isg1963m-words#@isg1963m#338.679#339.025
992	онлайн	онлайн	ADV	_	Degree=Pos	_	_	_	@isg1963m-words#@isg1963m#339.275#339.712
993	продажах	продажа	NOUN	_	Animacy=Inan|Case=Loc|Gender=Masc|Number=Plur	_	_	_	@isg1963m-words#@isg1963m#339.712#340.15
994	угу	уга	NOUN	_	Animacy=Anim|Case=Dat|Gender=Masc|Number=Sing	_	_	_	@isg1963m-words#@isg1963m#341.075#341.525
995	угу	уга	NOUN	_	Animacy=Anim|Case=Dat|Gender=Masc|Number=Sing	_	_	_	@isg1963m-words#@isg1963m#344.6#345.42
996	угу	уга	NOUN	_	Animacy=Anim|Case=Dat|Gender=Masc|Number=Sing	_	_	_	@isg1963m-words#@isg1963m#351.16#351.74
997	угу	уга	NOUN	_	Animacy=Anim|Case=Dat|Gender=Masc|Number=Sing	_	_	_	@isg1963m-words#@isg1963m#366.6#367.16
998	угу	уга	NOUN	_	Animacy=Anim|Case=Dat|Gender=Masc|Number=Sing	_	_	_	@isg1963m-words#@isg1963m#375.692#376.307
999	угу	уга	NOUN	_	Animacy=Anim|Case=Dat|Gender=Masc|Number=Sing	_	_	_	@isg1963m-words#@isg1963m#429.166#429.766
1000	#смеётся#	#смеётся#	NOUN	_	Animacy=Inan|Case=Gen|Gender=Fem|Number=Sing	_	_	_	@isg1963m-words#@isg1963m#477.983#478.633

