заслуженный;заслужить;ADJ;_;Case=Nom|Degree=Pos|Gender=Masc|Number=Sing;2;amod;_;_;
артист;артист;NOUN;_;Animacy=Anim|Case=Nom|Gender=Masc|Number=Sing;8;nsubj;_;_;
республики;республика;NOUN;_;Animacy=Inan|Case=Gen|Gender=Fem|Number=Sing;2;nmod;_;_;
любимец;любимец;NOUN;_;Animacy=Anim|Case=Nom|Gender=Masc|Number=Sing;2;appos;_;_;
публики;публика;NOUN;_;Animacy=Inan|Case=Gen|Gender=Fem|Number=Sing;4;nmod;_;_;
анвар;анвар;PROPN;_;Animacy=Anim|Case=Nom|Gender=Masc|Number=Sing;4;appos;_;_;
нургалиев;нургалев;PROPN;_;Animacy=Anim|Case=Nom|Gender=Masc|Number=Sing;6;appos;_;_;
решил;решить;VERB;_;Aspect=Perf|Gender=Masc|Mood=Ind|Number=Sing|Tense=Past|VerbForm=Fin|Voice=Act;0;root;_;_;
музыкально;музыкально;ADV;_;Degree=Pos;10;advmod;_;_;
поработить;поработить;VERB;_;Aspect=Perf|VerbForm=Inf|Voice=Act;8;xcomp;_;_;
наш;наш;DET;_;Case=Acc|Gender=Masc|Number=Sing;12;det;_;_;
регион;регион;NOUN;_;Animacy=Inan|Case=Acc|Gender=Masc|Number=Sing;10;obj;_;_;
и;и;CCONJ;_;_;14;cc;_;_;
дать;дать;VERB;_;Aspect=Perf|VerbForm=Inf|Voice=Act;10;conj;_;_;
ряд;ряд;NOUN;_;Animacy=Inan|Case=Acc|Gender=Masc|Number=Sing;14;obj;_;_;
концертов;концерт;NOUN;_;Animacy=Inan|Case=Gen|Gender=Masc|Number=Plur;15;nmod;_;_;
по;по;ADP;_;_;19;case;_;_;
всему;весь;DET;_;Case=Dat|Gender=Masc|Number=Sing;19;det;_;_;
башкортостану;башкортостан;NOUN;_;Animacy=Inan|Case=Dat|Gender=Masc|Number=Sing;16;nmod;_;_;
доброе;добрый;ADJ;_;Case=Acc|Degree=Pos|Gender=Neut|Number=Sing;21;amod;_;_;
утро;утро;NOUN;_;Animacy=Inan|Case=Acc|Gender=Neut|Number=Sing;19;nmod;_;_;
анвар;анвар;PROPN;_;Animacy=Anim|Case=Nom|Gender=Masc|Number=Sing;24;nsubj;_;_;
очень;очень;ADV;_;Degree=Pos;24;obl;_;_;
рады;рад;ADJ;_;Degree=Pos|Number=Plur|Variant=Short;8;conj;_;_;
очень;очень;ADV;_;Degree=Pos;26;advmod;_;_;
очень;очень;ADV;_;Degree=Pos;27;obl;_;_;
рады;рад;ADJ;_;Degree=Pos|Number=Plur|Variant=Short;24;obl;_;_;
ну;ну;PART;_;_;29;discourse;_;_;
чего;чего;ADJ;_;Case=Gen;43;obl;_;_;
как;как;SCONJ;_;_;31;mark;_;_;
там;там;ADV;_;Degree=Pos;35;advmod;_;_;
как;как;SCONJ;_;_;35;mark;_;_;
там;там;ADV;_;Degree=Pos;35;advmod;_;_;
концерты;концерт;NOUN;_;Animacy=Inan|Case=Nom|Gender=Masc|Number=Plur;35;nsubj;_;_;
проходят;проходить;VERB;_;Aspect=Imp|Mood=Ind|Number=Plur|Person=3|Tense=Pres|VerbForm=Fin|Voice=Act;27;advcl;_;_;
концерт;концерт;NOUN;_;Animacy=Inan|Case=Acc|Gender=Masc|Number=Sing;35;obj;_;_;
в;в;ADP;_;_;38;case;_;_;
москве;москва;NOUN;_;Animacy=Inan|Case=Loc|Gender=Fem|Number=Sing;35;obl;_;_;
же;же;PART;_;_;38;advmod;_;_;
недавно;недавно;ADV;_;Degree=Pos;43;advmod;_;_;
был;быть;AUX;_;Aspect=Imp|Gender=Masc|Mood=Ind|Number=Sing|Tense=Past|VerbForm=Fin|Voice=Act;43;aux;_;_;
правильно;правильно;ADV;_;Degree=Pos;43;advmod;_;_;
говорю;говорить;VERB;_;Aspect=Imp|Mood=Ind|Number=Sing|Person=1|Tense=Pres|VerbForm=Fin|Voice=Act;46;xcomp;_;_;
ну;ну;PART;_;_;43;advmod;_;_;
ну;ну;PART;_;_;43;advmod;_;_;
пусть;пусть;PART;_;_;46;advmod;_;_;
споют;спеть;VERB;_;Aspect=Perf|Mood=Ind|Number=Plur|Person=3|Tense=Fut|VerbForm=Fin|Voice=Act;35;conj;_;_;
песню;песня;NOUN;_;Animacy=Inan|Case=Acc|Gender=Fem|Number=Sing;51;obj;_;_;
анвара;анвар;PROPN;_;Animacy=Anim|Case=Gen|Gender=Masc|Number=Sing;47;nmod;_;_;
нургалиева;нургалиев;PROPN;_;Animacy=Anim|Case=Gen|Gender=Masc|Number=Sing;48;nmod;_;_;
кто;кто;PRON;_;Case=Nom;51;nsubj;_;_;
споет;спеть;VERB;_;Aspect=Perf|Mood=Ind|Number=Sing|Person=3|Tense=Fut|VerbForm=Fin|Voice=Act;46;xcomp;_;_;
тот;тот;DET;_;Case=Acc|Gender=Masc|Number=Sing;53;det;_;_;
получит;получить;VERB;_;Aspect=Perf|Mood=Ind|Number=Sing|Person=3|Tense=Fut|VerbForm=Fin|Voice=Act;51;xcomp;_;_;
билет;билет;NOUN;_;Animacy=Inan|Case=Acc|Gender=Masc|Number=Sing;53;obj;_;_;
на;на;ADP;_;_;56;case;_;_;
концерт;концерт;NOUN;_;Animacy=Inan|Case=Acc|Gender=Masc|Number=Sing;65;obl;_;_;
который;который;PRON;_;Case=Nom;65;nsubj;_;_;
в;в;ADP;_;_;59;case;_;_;
марте;март;NOUN;_;Animacy=Inan|Case=Loc|Gender=Masc|Number=Sing;65;obl;_;_;
будет;быть;AUX;_;Aspect=Imp|Mood=Ind|Number=Sing|Person=3|Tense=Fut|VerbForm=Fin|Voice=Act;65;aux;_;_;
да;да;PART;_;_;65;parataxis;_;_;
а;а;CCONJ;_;_;65;cc;_;_;
дальше;дальше;ADV;_;Degree=Cmp;65;advmod;_;_;
мы;мы;PRON;_;Case=Nom|Number=Plur|Person=1;65;nsubj;_;_;
разыграем;разыгравать;VERB;_;Aspect=Perf|Mood=Ind|Number=Plur|Person=1|Tense=Fut|VerbForm=Fin|Voice=Act;54;acl:relcl;_;_;
еще;еще;ADV;_;Degree=Pos;67;advmod;_;_;
один;один;NUM;_;Animacy=Inan|Case=Acc|Gender=Masc;68;nummod:gov;_;_;
подарок;подарок;NOUN;_;Animacy=Inan|Case=Acc|Gender=Masc|Number=Sing;69;obl;_;_;
звоните;звонить;VERB;_;Aspect=Imp|Mood=Imp|Number=Plur|Person=2|VerbForm=Fin|Voice=Act;65;xcomp;_;_;
номер;номер;NOUN;_;Animacy=Inan|Case=Acc|Gender=Masc|Number=Sing;69;obj;_;_;
телефона;телефон;NOUN;_;Animacy=Inan|Case=Gen|Gender=Masc|Number=Sing;70;nmod;_;_;
у;у;ADP;_;_;73;case;_;_;
вас;вы;PRON;_;Case=Gen|Number=Plur|Person=2;69;obl;_;_;
на;на;ADP;_;_;75;case;_;_;
экранах;экран;NOUN;_;Animacy=Inan|Case=Loc|Gender=Masc|Number=Plur;69;obl;_;_;
прошу;просить;VERB;_;Aspect=Imp|Mood=Ind|Number=Sing|Person=1|Tense=Pres|VerbForm=Fin|Voice=Act;65;xcomp;_;_;
вас;вы;PRON;_;Case=Gen|Number=Plur|Person=2;76;obl;_;_;
и;и;PART;_;_;;;;;
так;так;ADV;_;Degree=Pos;82;mark;_;_;
как;как;SCONJ;_;_;78;fixed;_;_;
в;в;ADP;_;_;81;case;_;_;
москве;москва;NOUN;_;Animacy=Inan|Case=Loc|Gender=Fem|Number=Sing;82;obl;_;_;
приняли;принять;VERB;_;Aspect=Perf|Mood=Ind|Number=Plur|Tense=Past|VerbForm=Fin|Voice=Act;103;advcl;_;_;
анвара;анвар;NOUN;_;Animacy=Anim|Case=Gen|Gender=Masc|Number=Sing;82;punct;_;_;
?;?;PUNCT;_;_;82;punct;_;_;
там;там;ADV;_;Degree=Pos;82;advmod;_;_;
же;же;PART;_;_;84;advmod;_;_;
там;там;ADV;_;Degree=Pos;82;advmod;_;_;
же;же;PART;_;_;86;advmod;_;_;
много;много;ADV;_;Degree=Pos;100;advmod;_;_;
наших;наш;DET;_;Case=Gen|Number=Plur;90;det;_;_;
сколько;сколько;NUM;_;_;100;mark;_;_;
там;там;ADV;_;Degree=Pos;88;advmod;_;_;
человек;человек;NOUN;_;Animacy=Anim|Case=Nom|Gender=Masc|Number=Sing;100;nsubj;_;_;
в;в;ADP;_;_;94;case;_;_;
космосе;космос;NOUN;_;Animacy=Inan|Case=Loc|Gender=Masc|Number=Sing;92;nmod;_;_;
как;как;SCONJ;_;_;97;mark;_;_;
и;и;PART;_;_;97;advmod;_;_;
юбилейный;юбилейный;ADJ;_;Animacy=Inan|Case=Acc|Degree=Pos|Gender=Masc|Number=Sing;92;amod;_;_;
да;да;PART;_;_;100;advmod;_;_;
в;в;ADP;_;_;100;case;_;_;
уфе;уфе;NOUN;_;Animacy=Inan|Case=Loc|Gender=Fem|Number=Sing;103;obl;_;_;
вот;вот;PART;_;_;103;advmod;_;_;
все;все;PRON;_;Animacy=Inan|Case=Nom|Gender=Neut|Number=Plur;103;nsubj;_;_;
знают;знать;VERB;_;Aspect=Imp|Mood=Ind|Number=Plur|Person=3|Tense=Pres|VerbForm=Fin|Voice=Act;76;xcomp;_;_;
и;и;PART;_;_;105;advmod;_;_;
так;так;ADV;_;Degree=Pos;106;obl;_;_;
ао;ао;INTJ;_;_;103;obl;_;_;
у;у;ADP;_;_;128;case;_;_;
а;а;INTJ;_;_;110;cc;_;_;
сейчас;сейчас;ADV;_;Degree=Pos;110;advmod;_;_;
идут;идти;VERB;_;Aspect=Imp|Mood=Ind|Number=Plur|Person=3|Tense=Pres|VerbForm=Fin|Voice=Act;107;conj;_;_;
концерты;концерт;NOUN;_;Animacy=Inan|Case=Nom|Gender=Masc|Number=Plur;110;nsubj;_;_;
начинаются;начинаться;VERB;_;Aspect=Imp|Mood=Ind|Number=Plur|Person=3|Tense=Pres|VerbForm=Fin|Voice=Mid;128;parataxis;_;_;
концерты;концерт;NOUN;_;Animacy=Inan|Case=Nom|Gender=Masc|Number=Plur;128;nsubj;_;_;
по;по;ADP;_;_;115;case;_;_;
башкортостану;башкортостан;NOUN;_;Animacy=Inan|Case=Dat|Gender=Masc|Number=Sing;128;obl;_;_;
уже;уже;ADV;_;Degree=Pos;120;advmod;_;_;
как;как;SCONJ;_;_;120;mark;_;_;
вообще;вообще;ADV;_;Degree=Pos;120;advmod;_;_;
все;все;ADV;_;Degree=Pos;120;nsubj;_;_;
проходит;проходить;VERB;_;Aspect=Imp|Mood=Ind|Number=Sing|Person=3|Tense=Pres|VerbForm=Fin|Voice=Act;128;advcl;_;_;
насколько;насколько;ADV;_;Degree=Pos;120;advmod;_;_;
сложно;сложно;ADV;_;Degree=Pos;120;advmod;_;_;
это;это;PRON;_;Animacy=Inan|Case=Acc|Gender=Neut|Number=Sing;120;obj;_;_;
же;же;PART;_;_;123;advmod;_;_;
каждый;каждый;DET;_;Case=Gen|Gender=Masc|Number=Sing;126;det;_;_;
день;день;NOUN;_;Animacy=Inan|Case=Acc|Gender=Masc|Number=Sing;128;obl;_;_;
куда-то;куда-то;ADV;_;Degree=Pos;128;advmod;_;_;
необходимо;необходимый;ADJ;_;Degree=Pos|Gender=Neut|Number=Sing|Variant=Short;106;obl;_;_;
ехать;ехать;VERB;_;Aspect=Imp|VerbForm=Inf|Voice=Act;128;csubj;_;_;
ну;ну;PART;_;_;132;parataxis;_;_;
условно;условно;ADV;_;Degree=Pos;132;advmod;_;_;
подъезжает;подъезжать;VERB;_;Aspect=Imp|Mood=Ind|Number=Sing|Person=3|Tense=Pres|VerbForm=Fin|Voice=Act;129;ccomp;_;_;
анвар;анвар;NOUN;_;Animacy=Anim|Case=Nom|Gender=Masc|Number=Sing;132;nsubj;_;_;
нургалиев;нургалиев;PROPN;_;Animacy=Anim|Case=Nom|Gender=Masc|Number=Sing;133;nmod;_;_;
в;в;ADP;_;_;136;case;_;_;
бураево;бураево;NOUN;_;Animacy=Inan|Case=Acc|Gender=Neut|Number=Sing;132;obl;_;_;
там;там;ADV;_;Degree=Pos;132;advmod;_;_;
в;в;ADP;_;_;140;case;_;_;
три;три;NUM;_;Animacy=Inan|Case=Acc;140;nummod:gov;_;_;
часа;час;NOUN;_;Animacy=Inan|Case=Gen|Gender=Masc|Number=Sing;132;obl;_;_;
один;один;NUM;_;Animacy=Inan|Case=Acc|Gender=Masc;142;nummod:gov;_;_;
концерт;концерт;NOUN;_;Animacy=Inan|Case=Acc|Gender=Masc|Number=Sing;132;obj;_;_;
там;там;ADV;_;Degree=Pos;147;advmod;_;_;
в;в;ADP;_;_;145;case;_;_;
6.000;6.000;NUM;_;_;148;nummod;_;_;
ну;ну;PART;_;_;147;parataxis;_;_;
давайте;давать;VERB;_;Aspect=Imp|Mood=Imp|Number=Plur|Person=2|VerbForm=Fin|Voice=Act;132;conj;_;_;
хором;хор;NOUN;_;Animacy=Inan|Case=Ins|Gender=Masc|Number=Sing;147;obl;_;_;
мы;мы;PRON;_;Case=Nom|Number=Plur|Person=1;147;nsubj;_;_;
споем;спеть;VERB;_;Aspect=Perf|Mood=Ind|Number=Plur|Person=1|Tense=Fut|VerbForm=Fin|Voice=Act;147;xcomp;_;_;
у;у;ADP;_;_;152;case;_;_;
нас;мы;PRON;_;Case=Gen|Number=Plur|Person=1;150;obl;_;_;
есть;есть;VERB;_;Aspect=Imp|Mood=Ind|Number=Sing|Tense=Pres|VerbForm=Inf|Voice=Act;150;xcomp;_;_;
звонок;звонок;NOUN;_;Animacy=Inan|Case=Nom|Gender=Masc|Number=Sing;202;nsubj;_;_;
от;от;ADP;_;_;156;case;_;_;
роберта;роберт;PROPN;_;Animacy=Inan|Case=Gen|Gender=Masc|Number=Sing;154;nmod;_;_;
роберт;роберт;PROPN;_;Animacy=Inan|Case=Gen|Gender=Fem|Number=Plur;156;nmod;_;_;
доброе;добрый;ADJ;_;Case=Acc|Degree=Pos|Gender=Neut|Number=Sing;159;amod;_;_;
утро;утро;NOUN;_;Animacy=Inan|Case=Acc|Gender=Neut|Number=Sing;202;obj;_;_;
але;алe;INTJ;_;_;159;iobj;_;_;
какую;какой;DET;_;Case=Dat|Gender=Fem|Number=Sing;162;det;_;_;
песню;песня;NOUN;_;Animacy=Inan|Case=Dat|Gender=Fem|Number=Sing;164;obj;_;_;
анвара;анвар;PROPN;_;Animacy=Anim|Case=Gen|Gender=Masc|Number=Sing;162;nmod;_;_;
споем;спeть;VERB;_;Aspect=Perf|Mood=Imp|Number=Plur|Person=1|Tense=Fut|VerbForm=Fin|Voice=Act;202;advcl;_;_;
ну;ну;PART;_;_;168;parataxis;_;_;
а;а;CCONJ;_;_;168;cc;_;_;
че;что;PRON;_;Case=Nom;168;nsubj;_;_;
давайте;давать;VERB;_;Aspect=Imp|Mood=Imp|Number=Plur|Person=2|VerbForm=Fin|Voice=Act;164;conj;_;_;
тогда;тогда;ADV;_;Degree=Pos;168;advmod;_;_;
да;да;CCONJ;_;_;173;cc;_;_;
достаточно;достаточно;ADV;_;Degree=Pos;172;advmod;_;_;
достаточно;достаточно;ADV;_;Degree=Pos;173;advmod;_;_;
нормально;нормально;ADV;_;Degree=Pos;182;advmod;_;_;
в;в;ADV;_;_;175;case;_;_;
общем;общем;ADV;_;_;182;obl;_;_;
в;в;ADP;_;_;177;case;_;_;
марте;март;NOUN;_;Animacy=Inan|Case=Loc|Gender=Masc|Number=Sing;182;obl;_;_;
а;а;INTJ;_;_;182;cc;_;_;
в;в;ADP;_;_;180;case;_;_;
уфе;уфе;NOUN;_;Animacy=Inan|Case=Loc|Gender=Fem|Number=Sing;182;obl;_;_;
будет;быть;VERB;_;Aspect=Imp|Mood=Ind|Number=Sing|Person=3|Tense=Fut|VerbForm=Fin|Voice=Act;182;aux:pass;_;_;
концерт;концерт;NOUN;_;Animacy=Inan|Case=Nom|Gender=Msc|Number=Sing;168;xcomp;_;_;
этот;этот;DET;_;Case=Nom|Gender=Masc|Number=Sing;184;det;_;_;
билет;билет;NOUN;_;Animacy=Inan|Case=Nom|Gender=Masc|Number=Sing;182;nsubj:pass;_;_;
для;для;ADP;_;_;186;case;_;_;
вас;вы;PRON;_;Case=Gen|Number=Plur|Person=2;182;obl;_;_;
вообще;вообще;ADV;_;Degree=Pos;189;obl;_;_;
в;в;ADP;_;_;189;case;_;_;
уфе;уфе;NOUN;_;Animacy=Inan|Case=Loc|Gender=Fem|Number=Sing;182;obl;_;_;
будет;быть;AUX;_;Aspect=Imp|Mood=Ind|Number=Sing|Person=3|Tense=Fut|VerbForm=Fin|Voice=Act;202;aux;_;_;
три;три;NUM;_;Case=Nom;192;nummod:gov;_;_;
концерта;концерт;NOUN;_;Animacy=Inan|Case=Gen|Gender=Masc|Number=Sing;202;obl;_;_;
в;в;ADP;_;_;194;case;_;_;
марте;март;NOUN;_;Animacy=Inan|Case=Loc|Gender=Masc|Number=Sing;192;nmod;_;_;
подряд;подряд;ADV;_;Degree=Pos;194;advmod;_;_;
по-моему;по-моему;ADV;_;Degree=Pos;202;parataxis;_;_;
четыре;четыре;NUM;_;Case=Acc;199;nummod:gov;_;_;
даже;даже;PART;_;_;199;advmod;_;_;
концерта;концерт;NOUN;_;Animacy=Inan|Case=Gen|Gender=Masc|Number=Plur;;;;;
один;один;NUM;_;Animacy=Inan|Case=Acc|Gender=Masc;200;nummod:gov;_;_;
билет;билет;NOUN;_;Animacy=Inan|Case=Acc|Gender=Masc|Number=Sing;202;obj;_;_;
мы;мы;PRON;_;Case=Nom|Number=Plur|Person=1;202;nsubj;_;_;
разыграем;разыгравать;VERB;_;Aspect=Imp|Mood=Ind|Number=Plur|Person=1|Tense=Pres|VerbForm=Fin|Voice=Act;153;conj;_;_;
друзья;друг;NOUN;_;Animacy=Anim|Case=Acc|Number=Plur;207;nsubj;_;_;
в;в;ADP;_;_;206;case;_;_;
нашей;наш;DET;_;Case=Loc|Gender=Fem|Number=Sing;206;det;_;_;
группе;группа;NOUN;_;Animacy=Inan|Case=Loc|Gender=Fem|Number=Sing;207;obl;_;_;
вконтакте;вконтактe;NOUN;_;Animacy=Inan|Case=Loc|Gender=Masc|Number=Sing;202;xcomp;_;_;
чуть;чуть;ADV;_;Degree=Pos;209;advmod;_;_;
позже;поздно;ADV;_;Degree=Cmp;207;advmod;_;_;
но;но;CCONJ;_;_;213;cc;_;_;
сегодня;сегодня;ADV;_;Degree=Pos;213;advmod;_;_;
обязательно;обязательно;ADV;_;Degree=Pos;213;advmod;_;_;
следите;следить;VERB;_;Aspect=Imp|Mood=Imp|Number=Plur|Person=2|Tense=Pres|VerbForm=Fin|Voice=Act;209;conj;_;_;
а;а;CCONJ;_;_;218;cc;_;_;
вот;вот;PART;_;_;216;advmod;_;_;
сейчас;сейчас;ADV;_;Degree=Pos;218;advmod;_;_;
мы;мы;PRON;_;Case=Nom|Number=Plur|Person=1;218;nsubj;_;_;
разыграем;разыграть;VERB;_;Aspect=Perf|Mood=Ind|Number=Plur|Person=1|Tense=Fut|VerbForm=Fin|Voice=Act;207;conj;_;_;
абсолютно;абсолютно;ADV;_;Degree=Pos;220;obl;_;_;
новый;новый;ADJ;_;Animacy=Inan|Case=Acc|Degree=Pos|Gender=Masc|Number=Sing;221;amod;_;_;
диск;диск;NOUN;_;Animacy=Inan|Case=Acc|Gender=Masc|Number=Sing;218;obj;_;_;
с;с;ADP;_;_;223;case;_;_;
песнями;песня;NOUN;_;Animacy=Inan|Case=Ins|Gender=Fem|Number=Plur;221;nmod;_;_;
анвара;анвар;NOUN;_;Animacy=Inan|Case=Gen|Gender=Masc|Number=Sing;223;nmod;_;_;
нургалиева;нургалиев;PROPN;_;Animacy=Inan|Case=Gen|Gender=Masc|Number=Sing;224;nmod;_;_;
можно;можно;ADV;_;Degree=Pos;232;parataxis;_;_;
я;я;PRON;_;Case=Nom|Number=Sing|Person=1;228;nsubj;_;_;
покажу;показать;VERB;_;Aspect=Perf|Mood=Ind|Number=Sing|Person=1|Tense=Fut|VerbForm=Fin|Voice=Act;232;xcomp;_;_;
снова;снова;ADV;_;Degree=Pos;228;advmod;_;_;
этот;этот;DET;_;Case=Acc|Gender=Masc|Number=Sing;231;det;_;_;
диск;диск;NOUN;_;Animacy=Inan|Case=Acc|Gender=Masc|Number=Sing;228;obj;_;_;
можно;можно;ADV;_;Degree=Pos;218;advmod;_;_;
я;я;PRON;_;Case=Nom|Number=Sing|Person=1;234;nsubj;_;_;
покажу;показать;VERB;_;Aspect=Perf|Mood=Ind|Number=Sing|Person=1|Tense=Fut|VerbForm=Fin|Voice=Act;232;csubj;_;_;
этот;этот;DET;_;Case=Acc|Gender=Masc|Number=Sing;236;det;_;_;
диск;диск;NOUN;_;Animacy=Inan|Case=Acc|Gender=Masc|Number=Sing;234;obj;_;_;
с;с;ADP;_;_;239;case;_;_;
новыми;новый;ADJ;_;Case=Abl|Degree=Pos|Number=Plur;239;amod;_;_;
песнями;песня;NOUN;_;Animacy=Inan|Case=Abl|Gender=Fem|Number=Plur;234;obl;_;_;
да;да;CCONJ;_;_;241;cc;_;_;
звоните;звонить;VERB;_;Aspect=Perf|Mood=Ind|Number=Plur|Person=2|Tense=Fut|VerbForm=Fin|Voice=Act;234;conj;_;_;
также;также;ADV;_;Degree=Pos;241;advmod;_;_;
спойте;спеть;VERB;_;Aspect=Perf|Mood=Imp|Number=Plur|Person=2|Tence=Fut|VerbForm=Fin|Voice=Act;241;xcomp;_;_;
нам;мы;PRON;_;Case=Dat|Number=Plur|Person=1;243;iobj;_;_;
песню;песня;NOUN;_;Animacy=Inan|Case=Acc|Gender=Fem|Number=Sing;243;iobj;_;_;
анвара;анвар;PROPN;_;Animacy=Inan|Case=Gen|Gender=Masc|Number=Sing;245;nmod;_;_;
нургалиева;нургалиев;PROPN;_;Animacy=Inan|Case=Gen|Gender=Masc|Number=Sing;246;nmod;_;_;
в;в;ADP;_;_;250;case;_;_;
прямом;прямой;ADJ;_;Case=Loc|Degree=Pos|Gender=Masc|Number=Sing;250;amod;_;_;
эфире;эфир;NOUN;_;Animacy=Inan|Case=Loc|Gender=Masc|Number=Sing;243;obl;_;_;
и;и;CCONJ;_;_;252;cc;_;_;
получите;получить;VERB;_;Aspect=Perf|Mood=Ind|Number=Plur|Person=2|Tense=Pres|VerbForm=Fin|Voice=Act;243;conj;_;_;
этот;этот;DET;_;Case=Acc|Gender=Masc|Number=Sing;254;det;_;_;
диск;диск;NOUN;_;Animacy=Inan|Case=Acc|Gender=Masc|Number=Sing;252;obj;_;_;
с;с;ADP;_;_;256;case;_;_;
человеком;человек;NOUN;_;Animacy=Anim|Case=Ins|Gender=Masc|Number=Sing;252;obl;_;_;
в;в;ADP;_;_;260;case;_;_;
в;в;ADP;_;_;260;case;_;_;
самой;самый;ADJ;_;Case=Loc|Degree=Pos|Gender=Fem|Number=Sing;260;amod;_;_;
дорогой;дорогой;ADJ;_;Case=Gen|Gender=Fem|Number=Sing;252;obl;_;_;
на;на;ADP;_;_;262;case;_;_;
свете;свет;NOUN;_;Animacy=Inan|Case=Abl|Gender=Masc|Number=Sing;252;obl;_;_;
джинсовке;джинсовка;NOUN;_;Animacy=Anim|Case=Abl|Gender=Masc|Number=Sing;269;nmod;_;_;
вот;вот;PART;_;_;265;advmod;_;_;
пожалуйста;пожалуйста;ADV;_;Degree=Pos;269;parataxis;_;_;
угу;угу ;INTJ;_;_;;;;;
пустили;пустить;VERB;_;Aspect=Imp|Mood=Ind|Number=Plur|Tense=Past|VerbForm=Fin|Voice=Act;265;punct;_;_;
?;?;PUNCT;_;_;;;;;
тоже;тоже;PART;_;_;269;advmod;_;_;
с;с;ADP;_;_;269;case;_;_;
аншлагами;аншлаг;NOUN;_;Animacy=Inan|Case=Abl|Gender=Masc|Number=Plur;252;obl;_;_;
ну;ну;PART;_;_;271;discourse;_;_;
то;то;ADV;_;Animacy=Inan|Case=Nom|Gender=Neut|Number=Sing;269;advmod;_;_;
есть;есть;ADV;_;_;271;fixed;_;_;
не;не;PART;_;_;274;advmod;_;_;
только;только;PART;_;_;275;advmod;_;_;
два;два;NUM;_;Case=Nom|Gender=Masc;277;nummod:gov;_;_;
этих;этот;DET;_;Case=Gen|Number=Plur;277;det;_;_;
региона;регион;NOUN;_;Animacy=Inan|Case=Gen|Gender=Masc|Number=Sing;282;nsubj;_;_;
да;да;PART;_;_;282;advmod;_;_;
так;так;ADV;_;Degree=Pos;282;advmod;_;_;
у;у;ADP;_;_;281;case;_;_;
нас;мы;PRON;_;Case=Gen|Number=Plur|Person=1;282;obl;_;_;
есть;быть;VERB;_;Aspect=Imp|Mood=Ind|Number=Sing|Person=3|Tense=Pres|VerbForm=Fin|Voice=Act;271;fixed;_;_;
еще;еще;ADV;_;Degree=Pos;284;advmod;_;_;
один;один;NUM;_;Case=Nom|Gender=Masc;285;nummod:gov;_;_;
звонок;звонок;NOUN;_;Animacy=Inan|Case=Nom|Gender=Masc|Number=Sing;294;nsubj;_;_;
от;от ;ADP;_;_;;;;;
земфиры;земфира ;NOUN;_;Animacy=Anim|Case=Gen|Gender=Fem|Number=Sing;285;nmod;_;_;
доброе;добрый;ADJ;_;Case=Nom|Degree=Pos|Gender=Neut|Number=Sing;288;amod;_;_;
утро;утро;NOUN;_;Animacy=Inan|Case=Nom|Gender=Neut|Number=Sing;294;nmod;_;_;
земфира;земфира;NOUN;_;Animacy=Inan|Case=Gen|Gender=Fem|Number=Sing;288;nmod;_;_;
вы;вы;PRON;_;Case=Nom|Number=Plur|Person=2;294;nsubj;_;_;
откуда;откуда;ADV;_;Degree=Pos;294;advmod;_;_;
уфа;уфа;NOUN;_;Animacy=Inan|Case=Gen|Gender=Fem|Number=Sing;291;obl;_;_;
это;этот;PRON;_;Animacy=Inan|Case=Nom|Gender=Neut|Number=Sing;294;nsubj;_;_;
столица;столица;NOUN;_;Animacy=Inan|Case=Nom|Gender=Fem|Number=Sing;282;nsubj;_;_;
башкортостана;башкортостан;NOUN;_;Animacy=Anim|Case=Gen|Gender=Masc|Number=Sing;294;nmod;_;_;
земфира;земфира;NOUN;_;Animacy=Inan|Case=Gen|Gender=Fem|Number=Sing;295;nmod;_;_;
пожалуйста;пожалуйста;ADV;_;Degree=Pos;298;parataxis;_;_;
спойте;петь;VERB;_;Aspect=Perf|Mood=Imp|Number=Sing|Person=2|VerbForm=Fin|Voice=Act;294;obl;_;_;
это;это;PRON;_;Animacy=Inan|Case=Nom|Gender=Neut|Number=Sing;302;nsubj;_;_;
самая;самый;ADJ;_;Case=Nom|Degree=Pos|Gender=Fem|Number=Sing;301;amod;_;_;
любимая;любимый;ADJ;_;Case=Nom|Degree=Pos|Gender=Fem|Number=Sing;302;amod;_;_;
песня;песня;NOUN;_;Animacy=Inan|Case=Nom|Gender=Fem|Number=Sing;298;nsubj;_;_;
и;и;CCONJ;_;_;304;cc;_;_;
хитовая;хитовый;ADJ;_;Case=Nom|Degree=Pos|Gender=Fem|Number=Sing;312;conj;_;_;
и;и;CCONJ;_;_;309;cc;_;_;
все;все;ADV;_;_;307;advmod;_;_;
все;все;ADV;_;_;309;nsubj;_;_;
не;не;PART;_;_;309;advmod;_;_;
пойду;пойти;VERB;_;Aspect=Perf|Mood=Ind|Number=Sing|Person=1|Tense=Fut|VerbForm=Fin|Voice=Act;304;conj;_;_;
на;на;ADP;_;_;311;case;_;_;
работу;работа;NOUN;_;Animacy=Inan|Case=Abl|Gender=Fem|Number=Sing;309;obl;_;_;
пойду;пойти;VERB;_;Aspect=Perf|Mood=Ind|Number=Sing|Person=1|Tense=Fut|VerbForm=Fin|Voice=Act;302;conj;_;_;
послушаю;послушать;VERB;_;Aspect=Perf|Mood=Ind|Number=Sing|Person=1|Tense=Fut|VerbForm=Fin|Voice=Act;312;xcomp;_;_;
диск;диск;NOUN;_;Animacy=Inan|Case=Acc|Gender=Masc|Number=Sing;313;obj;_;_;
где;где;ADV;_;Degree=Pos;317;advmod;_;_;
анвара;анвар;PROPN;_;Animacy=Inan|Case=Gen|Gender=Masc|Number=Sing;317;nsubj;_;_;
встречают;встречать;VERB;_;Aspect=Imp|Mood=Ind|Number=Plur|Person=3|Tense=Pres|VerbForm=Fin|Voice=Act;313;conj;_;_;
лучше;хорошо;ADV;_;Degree=Cmp;317;advmod;_;_;
всего;все;PRON;_;Animacy=Inan|Case=Gen|Gender=Neut|Number=Sing;318;obl;_;_;
и;и;CCONJ;_;_;325;cc;_;_;
в;в;ADP;_;_;323;case;_;_;
каком;какой;DET;_;Case=Loc|Gender=Masc|Number=Sing;323;det;_;_;
районе;район;NOUN;_;Animacy=Inan|Case=Loc|Gender=Masc|Number=Sing;325;obl;_;_;
ему;он;PRON;_;Case=Dat|Gender=Masc|Number=Sing|Person=3;325;iobj;_;_;
предлагали;предлагать;VERB;_;Aspect=Imp|Mood=Ind|Number=Plur|Tense=Past|VerbForm=Fin|Voice=Act;313;conj;_;_;
квартиру;квартира;NOUN;_;Animacy=Inan|Case=Acc|Gender=Fem|Number=Sing;327;obj;_;_;
узнаем;узнать;VERB;_;Aspect=Perf|Mood=Ind|Number=Plur|Person=1|Tense=Fut|VerbForm=Fin|Voice=Act;325;xcomp;_;_;
прямо;прямо;ADV;_;Degree=Pos;329;advmod;_;_;
сейчас;сейчас;ADV;_;Degree=Pos;327;advmod;_;_;
заслуженный;заслужить;VERB;_;Aspect=Perf|Case=Nom|Gender=Masc|Number=Sing|Tense=Past|VerbForm=Part|Voice=Pass;331;amod;_;_;
артист;артист;NOUN;_;Animacy=Anim|Case=Nom|Gender=Masc|Number=Sing;333;nsubj:pass;_;_;
республики;республика;NOUN;_;Animacy=Inan|Case=Gen|Gender=Fem|Number=Sing;331;nmod;_;_;
башкортостан;башкортостан;NOUN;_;Animacy=Inan|Case=Gen|Gender=Mask|Number=Sing;327;conj;_;_;
анвар;анвар;PROPN;_;Animacy=Anim|Case=Nom|Gender=Masc|Number=Sing;339;nsubj;_;_;
нургалиев;нургалиев;PROPN;_;Animacy=Anim|Case=Nom|Gender=Masc|Number=Sing;339;advcl;_;_;
доброе;добрый;ADJ;_;Case=Acc|Degree=Pos|Gender=Neut|Number=Sing;337;amod;_;_;
утро;утро;NOUN;_;Animacy=Inan|Case=Acc|Gender=Neut|Number=Sing;335;obj;_;_;
очень;очень;ADV;_;Degree=Pos;339;obl;_;_;
рады;рад;ADJ;_;Degree=Pos|Number=Plur|Variant=Short;333;obl;_;_;
тебя;ты;PRON;_;Case=Gen|Number=Sing|Person=2;341;obj;_;_;
видеть;видеть;VERB;_;Aspect=Imp|VerbForm=Inf|Voice=Act;339;xcomp;_;_;
в;в;ADP;_;_;344;case;_;_;
нашей;наш;DET;_;Case=Loc|Gender=Fem|Number=Sing;344;det;_;_;
студии;студия;NOUN;_;Animacy=Inan|Case=Loc|Gender=Fem|Number=Sing;341;obl;_;_;
так;так;ADV;_;Degree=Pos;348;cc;_;_;
и;и;PART;_;_;345;fixed;_;_;
будем;быть;AUX;_;Aspect=Imp|Mood=Ind|Number=Plur|Person=1|Tense=Fut|VerbForm=Fin|Voice=Act;339;cop;_;_;
друг;друг;NOUN;_;Animacy=Anim|Case=Nom|Gender=Masc|Number=Sing;341;conj;_;_;
другу;друг;NOUN;_;Animacy=Anim|Case=Dat|Gender=Masc|Number=Sing;348;fixed;_;_;
смотреть;смотреть;VERB;_;Aspect=Imp|VerbForm=Inf|Voice=Act;348;fixed;_;_;
и;и;CCONJ;_;_;352;cc;_;_;
улыбаться;улыбаться;VERB;_;Aspect=Imp|VerbForm=Inf|Voice=Mid;348;conj;_;_;
да;да;CCONJ;_;_;354;cc;_;_;
смеется;смеяться;VERB;_;Aspect=Imp|Mood=Ind|Number=Sing|Person=3|Tense=Pres|VerbForm=Fin|Voice=Mid;348;conj;_;_;
подождите;подождать;VERB;_;Aspect=Perf|Mood=Imp|Number=Plur|Person=2|VerbForm=Fin|Voice=Act;354;xcomp;_;_;
у;у;ADP;_;_;357;case;_;_;
нас;мы;PRON;_;Case=Gen|Number=Plur|Person=1;355;obl;_;_;
столько;столько;ADV;_;Degree=Pos;359;nummod:gov;_;_;
подарков;подарок;NOUN;_;Animacy=Inan|Case=Gen|Gender=Masc|Number=Plur;355;obl;_;_;
давайте;давать;VERB;_;Aspect=Imp|Mood=Imp|Number=Plur|Person=2|Tense=Pres|VerbForm=Fin|Voice=Act;355;xcomp;_;_;
зрителей;зритель;NOUN;_;Animacy=Anim|Case=Gen|Gender=Masc|Number=Plur;362;obj;_;_;
подключим;подключить;VERB;_;Aspect=Perf|Mood=Ind|Number=Plur|Person=1|Tense=Fut|VerbForm=Fin|Voice=Act;360;xcomp;_;_;
к;к;ADP;_;_;365;case;_;_;
нашей;наш;DET;_;Case=Dat|Gender=Fem|Number=Sing;365;det;_;_;
беседе;беседа;NOUN;_;Animacy=Inan|Case=Dat|Gender=Fem|Number=Sing;362;obl;_;_;
потом;потом;ADV;_;Degree=Pos;367;advmod;_;_;
начнем;начать;VERB;_;Aspect=Perf|Mood=Ind|Number=Plur|Person=1|Tense=Fut|VerbForm=Fin|Voice=Act;362;conj;_;_;
рассказывать;рассказать;VERB;_;Aspect=Imp|VerbForm=Inf|Voice=Act;367;xcomp;_;_;
за;за;ADP;_;_;370;case;_;_;
что;что;PRON;_;Case=Acc;368;obl;_;_;
рот;рот;NOUN;_;Animacy=Inan|Case=Acc|Gender=Masc|Number=Sing;368;obj;_;_;
закрывать ;закрывать ;VERB;_;Aspect=Imp|Tense=Pres|VerbForm=Inf|Voice=Act;380;advcl;_;_;
время;время;NOUN;_;Animacy=Inan|Case=Nom|Gender=Neut|Number=Sing;;;;;
же;же;PART;_;_;372;advmod;_;_;
время;время;NOUN;_;Animacy=Inan|Case=Acc|Gender=Neut|Number=Sing;372;obl;_;_;
деньги;деньги;NOUN;_;Animacy=Inan|Case=Acc|Number=Plur;372;obj;_;_;
так;так;ADV;_;Degree=Pos;380;mark;_;_;
что;что;SCONJ;_;_;376;fixed;_;_;
быстро;быстро;ADV;_;Degree=Pos;380;advmod;_;_;
быстро;быстро;ADV;_;Degree=Pos;380;advmod;_;_;
звоните;звонить;VERB;_;Aspect=Imp|Mood=Ind|Number=Plur|Person=2|Tense=Pres|VerbForm=Fin|Voice=Act;367;advcl;_;_;
ну;ну;PART;_;_;382;discourse;_;_;
артисты;артист;NOUN;_;Animacy=Anim|Case=Nom|Gender=Masc|Number=Plur;383;nsubj;_;_;
артисты;артист;NOUN;_;Animacy=Anim|Case=Nom|Gender=Masc|Number=Plur;380;nsubj;_;_;
ну;ну;PART;_;_;388;parataxis;_;_;
это;это;PRON;_;_;388;nsubj;_;_;
же;же;PART;_;_;385;advmod;_;_;
очень;очень;ADV;_;Degree=Pos;388;advmod;_;_;
тяжело;тяжелый;ADJ;_;Degree=Pos|Gender=Neut|Number=Sing|Variant=Short;383;obl;_;_;
наверное;наверное;ADV;_;Degree=Pos;392;obl;_;_;
даже;даже;PART;_;_;391;advmod;_;_;
мне;я;PRON;_;Case=Dat|Number=Sing|Person=1;392;iobj;_;_;
сложно;сложный;ADJ;_;Degree=Pos|Gender=Neut|Number=Sing|Variant=Short;388;conj;_;_;
представить;представить;VERB;_;Aspect=Perf|VerbForm=Inf|Voice=Act;392;csubj;_;_;
как;как;ADV;_;Degree=Pos;396;advmod;_;_;
так;так;ADV;_;Degree=Pos;396;advmod;_;_;
можно;можно;ADV;_;Degree=Pos;393;advmod;_;_;
отработать;отработать;VERB;_;Aspect=Perf|VerbForm=Inf|Voice=Act;396;csubj;_;_;
адреналин;адреналин;NOUN;_;Animacy=Inan|Case=Acc|Gender=Masc|Number=Sing;397;obj;_;_;
эмоции;эмоция;NOUN;_;Animacy=Inan|Case=Acc|Gender=Fem|Number=Plur;398;nmod;_;_;
тем;то;PRON;_;Animacy=Inan|Case=Ins|Gender=Neut|Number=Sing;401;obl;_;_;
более;более;ADV;_;Degree=Cmp;402;obl;_;_;
твои;твой;DET;_;Case=Acc|Number=Plur;403;det;_;_;
песни;песня;NOUN;_;Animacy=Inan|Case=Acc|Gender=Fem|Number=Plur;397;obj;_;_;
наверное;наверное;ADV;_;Degree=Pos;405;obl;_;_;
хором;хор;NOUN;_;Animacy=Inan|Case=Ins|Gender=Masc|Number=Sing;403;nmod;_;_;
всем;весь;DET;_;Case=Ins|Gender=Masc|Number=Sing;407;det;_;_;
залом;зал;NOUN;_;Animacy=Inan|Case=Ins|Gender=Masc|Number=Sing;405;nmod;_;_;
и;и;CCONJ;_;_;409;cc;_;_;
поют;петь;PROPN;_;Aspect=Imp|Mood=Ind|Number=Plur|Person=3|Tense=Pres|VerbForm=Fin|Voice=Act;397;conj;_;_;
роберт;роберт;NOUN;_;Animacy=Inan|Case=Acc|Gender=Masc|Number=Sing;409;obj;_;_;
в;в;ADP;_;_;412;case;_;_;
студии;студия;NOUN;_;Animacy=Inan|Case=Loc|Gender=Fem|Number=Sing;409;obl;_;_;
доброе;добрый;ADJ;_;Case=Acc|Degree=Pos|Gender=Neut|Number=Sing;414;amod;_;_;
утро;утро;NOUN;_;Animacy=Inan|Case=Acc|Gender=Neut|Number=Sing;420;obl;_;_;
ч;четыре;NUM;_;Animacy=Inan|Case=Acc;416;obj;_;_;
чет;четыре;NUM;_;Animacy=Inan|Case=Acc;420;advcl;_;_;
четыре;четыре;NUM;_;Animacy=Inan|Case=Acc;416;nummod:gov;_;_;
можно;можно;ADV;_;Degree=Pos;348;fixed;_;_;
я;я;PRON;_;Case=Nom|Number=Sing|Person=1;420;nsubj;_;_;
поддержу;поддержать;VERB;_;Aspect=Perf|Mood=Ind|Number=Sing|Person=1|Tense=Fut|VerbForm=Fin|Voice=Act;409;xcomp;_;_;
этот;этот;DET;_;Case=Acc|Gender=Masc|Number=Sing;422;det;_;_;
диск;диск;NOUN;_;Animacy=Inan|Case=Acc|Gender=Masc|Number=Sing;420;obj;_;_;
хотела;хотеть;VERB;_;Aspect=Imp|Gender=Fem|Mood=Ind|Number=Sing|Tense=Past|VerbForm=Fin|Voice=Act;420;xcomp;_;_;
сказать;сказать;VERB;_;Aspect=Perf|VerbForm=Inf|Voice=Act;423;xcomp;_;_;
ну;ну;PART;_;_;429;parataxis;_;_;
а;а;CCONJ;_;_;429;cc;_;_;
если;если;SCONJ;_;_;429;mark;_;_;
мы;мы;PRON;_;Case=Nom|Number=Plur|Person=1;429;nsubj;_;_;
вернемся;вернуться;VERB;_;Aspect=Perf|Mood=Ind|Number=Plur|Person=1|Tense=Fut|VerbForm=Fin|Voice=Act;424;ccomp;_;_;
к;к;ADP;_;_;431;case;_;_;
теме;тема;NOUN;_;Animacy=Inan|Case=Dat|Gender=Fem|Number=Sing;429;obl;_;_;
гастролей;гастроль;NOUN;_;Animacy=Inan|Case=Gen|Gender=Fem|Number=Plur;431;nmod;_;_;
вся;весь;DET;_;Case=Nom|Gender=Fem|Number=Sing;434;det;_;_;
ля;ли;PART;_;_;429;obl;_;_;
ли;ли;PART;_;_;434;advmod;_;_;
республика;республика;NOUN;_;Animacy=Inan|Case=Nom|Gender=Fem|Number=Sing;438;nsubj:pass;_;_;
будет;быть;AUX;_;Aspect=Imp|Mood=Ind|Number=Sing|Person=3|Tense=Fut|VerbForm=Fin|Voice=Act;438;aux:pass;_;_;
охвачена;охватить;VERB;_;Aspect=Perf|Gender=Fem|Number=Sing|Tense=Past|VerbForm=Part|Voice=Pass;434;parataxis;_;_;
ну;ну;PART;_;_;443;parataxis;_;_;
хотя;хотя;PART;_;_;442;advmod;_;_;
бы;бы;PART;_;_;440;fixed;_;_;
край;край;NOUN;_;Animacy=Inan|Case=Nom|Gender=Masc|Number=Sing;443;nsubj;_;_;
стучался;стучаться;VERB;_;Aspect=Imp|Gender=Masc|Mood=Ind|Number=Sing|Tense=Past|VerbForm=Fin|Voice=Mid;438;conj;_;_;
и;и;CCONJ;_;_;450;cc;_;_;
пустили;пустить;VERB;_;Aspect=Imp|Mood=Ind|Number=Plur|Tense=Past|VerbForm=Fin|Voice=Act;450;obl;_;_;
?;?;PUNCT;_;_;;;;;
доброе;добрый;ADJ;_;Case=Acc|Degree=Pos|Gender=Neut|Number=Sing;447;amod;_;_;
утро;утро;NOUN;_;Animacy=Inan|Case=Acc|Gender=Neut|Number=Sing;450;obj;_;_;
земфира;земфира;PROPN;_;Animacy=Anim|Case=Gen|Gender=Fem|Number=Sing;447;nmod;_;_;
мы;мы;PRON;_;Case=Nom|Number=Plur|Person=1;;;;;
вас;вы;PRON;_;Case=Acc|Number=Plur|Person=2;450;obj;_;_;
слушаем;слушать;VERB;_;Aspect=Imp|Mood=Ind|Number=Plur|Person=1|Tense=Pres|VerbForm=Fin|Voice=Act;443;conj;_;_;
пойте;петь;VERB;_;Aspect=Perf|Mood=Imp|Number=Plur|Person=2|VerbForm=Fin|Voice=Act;456;xcomp;_;_;
земфира;земфира;NOUN;_;Animacy=Anim|Case=Nom|Gender=Fem|Number=Sing;456;nsubj;_;_;
пойте;петь;VERB;_;Aspect=Perf|Mood=Imp|Number=Plur|Person=2|VerbForm=Fin|Voice=Act;456;xcomp;_;_;
она;она;PRON;_;Case=Nom|Gender=Fem|Number=Sing|Person=3;456;nsubj;_;_;
просто;просто;PART;_;_;456;advmod;_;_;
забыла;забыть;VERB;_;Aspect=Perf|Gender=Fem|Mood=Ind|Number=Sing|Tense=Past|VerbForm=Fin|Voice=Act;450;conj;_;_;
что;что;PRON;_;Case=Acc;458;obj;_;_;
звонила;звонить;VERB;_;Aspect=Perf|Gender=Fem|Mood=Ind|Number=Sing|Tense=Past|VerbForm=Fin|Voice=Act;456;xcomp;_;_;
в;в;ADP;_;_;460;case;_;_;
студию;студия;NOUN;_;Animacy=Inan|Case=Acc|Gender=Fem|Number=Sing;458;obl;_;_;
положила;положить;VERB;_;Aspect=Perf|Gender=Fem|Mood=Ind|Number=Sing|Tense=Past|VerbForm=Fin|Voice=Act;458;conj;_;_;
трубку;трубка;NOUN;_;Animacy=Inan|Case=Acc|Gender=Fem|Number=Sing;461;obj;_;_;
пошла;пойти;VERB;_;Aspect=Perf|Gender=Fem|Mood=Ind|Number=Sing|Tense=Past|VerbForm=Fin|Voice=Act;461;xcomp;_;_;
петь;петь;VERB;_;Aspect=Imp|VerbForm=Inf|Voice=Act;463;xcomp;_;_;
доброе;добрый;ADJ;_;Case=Acc|Degree=Pos|Gender=Neut|Number=Sing;466;amod;_;_;
утро;утро;NOUN;_;Animacy=Inan|Case=Acc|Gender=Neut|Number=Sing;464;obl;_;_;
а;а;CCONJ;_;_;478;cc;_;_;
я;я;PRON;_;Case=Nom|Number=Sing|Person=1;478;nsubj;_;_;
как;как;SCONJ;_;_;470;mark;_;_;
ра;рада;ADJ;_;Degree=Pos|Number=Sing|Gender=Fem|Person=3|Variant=Short;468;acl;_;_;
да-а;рада;ADJ;_;Degree=Pos|Number=Sing|Gender=Fem|Person=3|Variant=Short;470;nmod;_;_;
я;я;PRON;_;Case=Nom|Number=Sing|Person=1;478;nsubj;_;_;
впервые;впервые;ADV;_;Degree=Pos;478;advmod;_;_;
дал;дать;VERB;_;Aspect=Perf|Mood=Ind|Number=Plur|Person=3|Tense=Past|VerbForm=Fin|Voice=Act;;;;;
два;два;NUM;_;Animacy=Inan|Case=Acc|Gender=Masc;475;nummod:gov;_;_;
концерта;концерт;NOUN;_;Animacy=Inan|Case=Gen|Gender=Masc|Number=Sing;473;obl;_;_;
в;в;ADP;_;_;477;case;_;_;
ма;м;NOUN;_;Animacy=Inan|Case=Gen|Gender=Masc|Number=Sing;475;nmod;_;_;
пригласительный;пригласительный;ADJ;_;Animacy=Inan|Case=Acc|Degree=Pos|Gender=Masc|Number=Sing;463;conj;_;_;
да;да;CCONJ;_;_;491;cc;_;_;
там;там;ADV;_;Degree=Pos;491;advmod;_;_;
очень;очень;ADV;_;Degree=Pos;482;advmod;_;_;
много;много;ADV;_;Degree=Pos;491;advmod;_;_;
наших;наш;DET;_;Case=Acc|Number=Plur;484;det;_;_;
там;там;ADV;_;Degree=Pos;482;advmod;_;_;
очень;очень;ADV;_;Degree=Pos;486;advmod;_;_;
много;много;ADV;_;Degree=Pos;491;advmod;_;_;
татар;татарин;NOUN;_;Animacy=Anim|Case=Gen|Gender=Masc|Number=Plur;486;obl;_;_;
там;там;ADV;_;Degree=Pos;486;advmod;_;_;
мишари;мишарь;NOUN;_;Animacy=Anim|Case=Nom|Gender=Masc|Number=Plur;491;nsubj;_;_;
живут;жить;VERB;_;Aspect=Imp|Mood=Ind|Number=Plur|Person=3|Tense=Pres|VerbForm=Fin|Voice=Act;;;;;
очень;очень;ADV;_;Degree=Pos;491;advmod;_;_;
любят;любить;VERB;_;Aspect=Imp|Mood=Ind|Number=Plur|Person=3|Tense=Pres|VerbForm=Fin|Voice=Act;478;conj;_;_;
они;они;PRON;_;Case=Nom|Number=Plur|Person=3;491;nsubj;_;_;
очень;очень;ADV;_;Degree=Pos;494;obl;_;_;
своеобразный;своеобразный;ADJ;_;Case=Nom|Degree=Pos|Gender=Masc|Number=Sing;497;nsubj;_;_;
народ ;народ ;NOUN;_;Animacy=Anim|Case=Nom|Gender=Masc|Number=Plur;;;;;
такой;такой;ADJ;_;Case=Nom|Gender=Masc|Number=Sing;497;det;_;_;
ну;ну;PART;_;_;497;parataxis;_;_;
приняли;принять;VERB;_;Aspect=Perf|Mood=Ind|Number=Plur|Tense=Past|VerbForm=Fin|Voice=Act;491;ccomp;_;_;
конечно;конечно;ADV;_;Degree=Pos;501;parataxis;_;_;
очень;очень;ADV;_;Degree=Pos;500;advmod;_;_;
замечательно;замечательно;ADV;_;Degree=Pos;501;advmod;_;_;
приняли;принять;VERB;_;Aspect=Perf|Mood=Ind|Number=Plur|Tense=Past|VerbForm=Fin|Voice=Act;497;xcomp;_;_;
они;они;PRON;_;Case=Nom|Number=Plur|Person=3;497;nsubj;_;_;
меня;я;PRON;_;Case=Gen|Number=Sing|Person=1;497;obj;_;_;
еще;еще;ADV;_;Degree=Pos;507;obl;_;_;
в;в;ADP;_;_;507;case;_;_;
прошлом;прошлый;ADJ;_;Case=Loc|Degree=Pos|Gender=Masc|Number=Sing;507;amod;_;_;
году;год;NOUN;_;Animacy=Inan|Case=Loc|Gender=Masc|Number=Sing;497;obl;_;_;
это;это;PRON;_;Animacy=Inan|Case=Nom|Gender=Neut|Number=Sing;497;nsubj;_;_;
у;у;ADP;_;_;510;case;_;_;
меня;я;PRON;_;Case=Gen|Number=Sing|Person=1;497;obl;_;_;
второй;второй;ADJ;_;Animacy=Inan|Case=Acc|Degree=Pos|Gender=Masc|Number=Sing;512;amod;_;_;
концерт;концерт;NOUN;_;Animacy=Inan|Case=Acc|Gender=Masc|Number=Sing;497;obj;_;_;
но;но;CCONJ;_;_;518;cc;_;_;
в;в;ADP;_;_;516;case;_;_;
этом;этот;DET;_;Case=Loc|Gender=Masc|Number=Sing;516;det;_;_;
году;год;NOUN;_;Animacy=Inan|Case=Dat|Gender=Masc|Number=Sing;518;obl;_;_;
я;я;PRON;_;Case=Nom|Number=Sing|Person=1;518;nsubj;_;_;
дал;дать;VERB;_;Aspect=Perf|Gender=Masc|Mood=Ind|Number=Sing|Tense=Past|VerbForm=Fin|Voice=Act;497;conj;_;_;
в;в;ADP;_;_;520;case;_;_;
космосе;космос;NOUN;_;Animacy=Inan|Case=Loc|Gender=Masc|Number=Sing;518;obl;_;_;
два;два;NUM;_;Case=Nom|Gender=Masc;522;nummod:gov;_;_;
концерта;концерт;NOUN;_;Animacy=Inan|Case=Gen|Gender=Masc|Number=Sing;518;obl;_;_;
в;в;ADP;_;_;524;case;_;_;
день;день;NOUN;_;Animacy=Inan|Case=Acc|Gender=Masc|Number=Sing;522;nmod;_;_;
я;я;PRON;_;Case=Nom|Number=Sing|Person=1;533;nsubj;_;_;
если;если;SCONJ;_;_;529;mark;_;_;
память;память;NOUN;_;Animacy=Inan|Case=Nom|Gender=Fem|Number=Sing;529;nsubj;_;_;
не;не;PART;_;_;529;advmod;_;_;
изменяет;изменять;VERB;_;Aspect=Imp|Mood=Ind|Number=Sing|Person=3|Tense=Pres|VerbForm=Fin|Voice=Act;533;advcl;_;_;
тысяча;тысяча;NUM;_;Case=Nom|Gender=Fem|Numver=Sing;533;nsubj;_;_;
двести;двести;NUM;_;Case=Nom;530;nummod:gov;_;_;
по-моему;по-моему;ADV;_;Degree=Pos;533;advmod;_;_;
зал;зал;NOUN;_;Animacy=Inan|Case=Acc|Gender=Masc|Number=Sing;518;xcomp;_;_;
да;да;PART;_;_;537;advmod;_;_;
юбилейный;юбилейный;ADJ;_;Case=Acc|Gender=Masc|Number=Sing;536;amod;_;_;
тысяча;тысяча;NUM;_;Case=Acc|Gender=Fem|Number=Sing;537;nsubj;_;_;
стопсят; сто пятьдесят  ;NUM;_;Case=Acc;533;ccomp;_;_;
у;у;ADP;_;_;539;case;_;_;
меня;я;PRON;_;Case=Gen|Number=Sing|Person=1;537;obl;_;_;
да;да;PART;_;_;542;advmod;_;_;
с;с;ADP;_;_;542;case;_;_;
фев;февраль;NOUN;_;Animacy=Inan|Case=Gen|Gender=Masc|Number=Sing;537;obl;_;_;
да;да;INTJ;_;_;;;;;
у;у;ADP;_;_;553;obj;_;_;
меня;я;PRON;_;Case=Acc|Number=Sing|Person=1;553;obj;_;_;
с;с;ADP;_;_;547;case;_;_;
первого;первый;ADJ;_;Case=Gen|Degree=Pos|Gender=Masc|Number=Sing;547;amod;_;_;
февраля;февраль;NOUN;_;Animacy=Inan|Case=Gen|Gender=Masc|Number=Sing;553;obl;_;_;
по;по;ADP;_;_;549;case;_;_;
башкирии;башкирия;NOUN;_;Animacy=Inan|Case=Dat|Gender=Fem|Number=Sing;547;obl;_;_;
это;это;PRON;_;Animacy=Inan|Case=Nom|Gender=Neut|Number=Sing;553;obj;_;_;
замечательно;замечательно;ADV;_;Degree=Pos;553;advmod;_;_;
мы;мы;PRON;_;Case=Nom|Number=Plur|Person=1;553;nsubj;_;_;
даем;давать;VERB;_;Aspect=Imp|Mood=Ind|Number=Plur|Person=1|Tense=Pres|VerbForm=Fin|Voice=Act;537;conj;_;_;
даже;даже;PART;_;_;555;advmod;_;_;
тоже;тоже;PART;_;_;556;advmod;_;_;
два;два;NUM;_;Case=Nom|Gender=Masc;557;nummod:gov;_;_;
концерта;концерт;NOUN;_;Animacy=Inan|Case=Gen|Gender=Masc|Number=Sing;553;obl;_;_;
в;в;ADP;_;_;559;case;_;_;
день;день;NOUN;_;Animacy=Inan|Case=Acc|Gender=Masc|Number=Sing;557;nmod;_;_;
двойники;двойник;NOUN;_;Animacy=Anim|Case=Nom|Gender=Masc|Number=Plur;573;nsubj;_;_;
потому;потому;ADV;_;Degree=Pos;564;mark;_;_;
что;что;SCONJ;_;_;561;fixed;_;_;
люди;человек;NOUN;_;Animacy=Anim|Case=Nom|Gender=Masc|Number=Plur;564;nsubj;_;_;
просят;просить;VERB;_;Aspect=Imp|Mood=Ind|Number=Plur|Person=3|Tense=Pres|VerbForm=Fin|Voice=Act;573;advcl;_;_;
не;не;PART;_;_;566;advmod;_;_;
успевают;успевать;VERB;_;Aspect=Imp|Mood=Ind|Number=Plur|Person=3|Tense=Pres|VerbForm=Fin|Voice=Act;564;xcomp;_;_;
ну;ну;PART;_;_;570;parataxis;_;_;
так;так;ADV;_;Degree=Pos;570;advmod;_;_;
получилось ;получиться;VERB;_;Aspect=Perf|Mood=Ind|Number=Sing|Person=3|Tense=Past|Voice=Mid;;;;;
не;не;PART;_;Degree=Neg;570;advmod;_;_;
знаю;знать;VERB;_;Aspect=Imp|Mood=Ind|Number=Sing|Person=1|Tense=Pres|VerbForm=Fin|Voice=Act;566;xcomp;_;_;
ну;ну;PART;_;_;573;parataxis;_;_;
я;я;PRON;_;Case=Nom|Number=Sing|Person=1;573;nsubj;_;_;
конечно;конечно;ADV;_;Degree=Poss;;;;;
думаю;думать;VERB;_;Aspect=Imp|Mood=Ind|Number=Sing|Person=1|Tense=Pres|VerbForm=Fin|Voice=Act;553;advcl;_;_;
ну;ну;PART;_;_;576;discourse;_;_;
как;как;ADV;_;Degree=Pos;576;advmod;_;_;
сказать;сказать;VERB;_;Aspect=Perf|VerbForm=Inf|Voice=Act;573;xcomp;_;_;
приятно ;приятно ;ADV;_;Degree=Poss|Variant=Short;;;;;
просто;просто;PART;_;_;576;advmod;_;_;
я;я;PRON;_;Case=Nom|Number=Sing|Person=1;579;nsubj;_;_;
даю;давать;VERB;_;Aspect=Imp|Mood=Ind|Number=Sing|Person=1|Tense=Pres|VerbForm=Fin|Voice=Act;573;conj;_;_;
многие;много;NUM;_;Number=Plur;579;nummod;_;_;
говорят;говорить;VERB;_;Aspect=Imp|Mood=Ind|Number=Plur|Person=3|Tense=Pres|VerbForm=Fin|Voice=Act;586;mark;_;_;
ну;ну;PART;_;_;586;parataxis;_;_;
зачем;зачем;ADV;_;Degree=Pos;586;advmod;_;_;
так;так;ADV;_;Degree=Pos;586;advmod;_;_;
себя;себя;PRON;_;Case=Acc;586;obj;_;_;
изводишь;изводить;VERB;_;Aspect=Imp|Mood=Ind|Number=Sing|Person=2|Tense=Pres|VerbForm=Fin|Voice=Act;596;advcl;_;_;
там;там;ADV;_;Degree=Pos;586;advmod;_;_;
я;я;PRON;_;Case=Nom|Number=Sing|Person=1;586;nsubj;_;_;
не;не;PART;_;_;591;advmod;_;_;
из-за;из-за;ADP;_;_;591;case;_;_;
этого;этот;PRON;_;Animacy=Inan|Case=Gen|Gender=Neut|Number=Sing;586;obl;_;_;
люди;человек;NOUN;_;Animacy=Anim|Case=Nom|Gender=Masc|Number=Plur;596;nsubj;_;_;
просто;просто;PART;_;_;594;advmod;_;_;
очень;очень;ADV;_;Degree=Pos;595;advmod;_;_;
сильно;сильно;ADV;_;Degree=Pos;596;advmod;_;_;
просят;просить;VERB;_;Aspect=Imp|Mood=Ind|Number=Plur|Person=3|Tense=Pres|VerbForm=Fin|Voice=Act;579;ccomp;_;_;
а;a;CCONJ;_;_;601;cc;_;_;
график;график;NOUN;_;Animacy=Inan|Case=Acc|Gender=Masc|Number=Sing;601;obj;_;_;
плотный;плотный;ADJ;_;Animacy=Inan|Case=Acc|Degree=Pos|Gender=Masc|Number=Sing;598;amod;_;_;
и;и;CCONJ;_;_;601;cc;_;_;
приходится;приходиться;VERB;_;Aspect=Imp|Mood=Ind|Number=Sing|Person=3|Tense=Pres|VerbForm=Fin|Voice=Mid;596;conj;_;_;
в;в;ADP;_;_;603;case;_;_;
день;день;NOUN;_;Animacy=Inan|Case=Acc|Gender=Masc|Number=Sing;601;obl;_;_;
два;два;NUM;_;Case=Nom|Gender=Masc;605;nummod:gov;_;_;
концерта;концерт;NOUN;_;Animacy=Inan|Case=Gen|Gender=Masc|Number=Sing;606;obl;_;_;
давать;давать;VERB;_;Aspect=Imp|VerbForm=Inf|Voice=Act;601;csubj;_;_;
и;и;CCONJ;_;_;608;cc;_;_;
получается;получаться;VERB;_;Aspect=Imp|Mood=Ind|Number=Sing|Person=3|Tense=Pres|VerbForm=Fin|Voice=Mid;612;parataxis;_;_;
бураево;Бураево;PROPN;_;Animacy=Inan|Case=Nom|Gender=Neut|Number=Sing;612;nsubj;_;_;
мияки;Мияки;PROPN;_;Animacy=Inan|Case=Nom|Gender=Neut|Number=Sing;609;nmod;_;_;
там;там;ADV;_;Degree=Pos;612;advmod;_;_;
чишмы;Чишмы;PROPN;_;Animacy=Inan|Case=Nom|Gender=Neut|Number=Sing;601;nmod;_;_;
да;да;PART;_;_;621;advmod;_;_;
с;с;ADP;_;_;615;case;_;_;
перерывом;перерыв;NOUN;_;Animacy=Inan|Case=Ins|Gender=Masc|Number=Sing;621;obl;_;_;
в;в;ADP;_;_;618;case;_;_;
один;один;NUM;_;Animacy=Inan|Case=Acc|Gender=Masc;618;nummod:gov;_;_;
час;час;NOUN;_;Animacy=Inan|Case=Acc|Gender=Masc|Number=Sing;621;obl;_;_;
другой;другой;ADJ;_;Case=Nom|Degree=Pos|Gender=Masc|Number=Sing;620;amod;_;_;
концерт;концерт;NOUN;_;Animacy=Anim|Case=Nom|Gender=Masc|Number=Sing;621;nsubj;_;_;
начинаем;начинать;VERB;_;Aspect=Imp|Mood=Ind|Number=Plur|Person=1|Tense=Pres|VerbForm=Fin|Voice=Act;627;advcl;_;_;
там;там;ADV;_;Degree=Pos;627;advmod;_;_;
знаете;знать;VERB;_;Aspect=Imp|Mood=Ind|Number=Plur|Person=2|Tense=Pres|VerbForm=Fin|Voice=Act;627;parataxis;_;_;
это;это;PRON;_;Animacy=Inan|Case=Nom|Gender=Neut|Number=Sing;627;nsubj;_;_;
тяжело;тяжело;ADV;_;Degree=Pos;627;advmod;_;_;
не;не;PART;_;_;627;advmod;_;_;
тяжело;тяжело;ADV;_;Degree=Pos;635;obl;_;_;
вот;вот;PART;_;_;635;advmod;_;_;
этот;этот;DET;_;Case=Acc|Gender=Masc|Number=Sing;630;det;_;_;
кайф;кайф;NOUN;_;Animacy=Inan|Case=Acc|Gender=Masc|Number=Sing;631;obj;_;_;
ощутить;ощутить;VERB;_;Aspect=Perf|VerbForm=Inf|Voice=Act;628;xcomp;_;_;
ну;ну;PART;_;_;635;parataxis;_;_;
я;я;PRON;_;Case=Nom|Number=Sing|Person=1;635;nsubj;_;_;
не;не;PART;_;_;635;advmod;_;_;
знаю;знать;VERB;_;Aspect=Imp|Mood=Ind|Number=Sing|Person=1|Tense=Pres|VerbForm=Fin|Voice=Act;612;xcomp;_;_;
это;это;PRON;_;Animacy=Inan|Case=Acc|Gender=Neut|Number=Sing;635;obj;_;_;
когда;когда;SCONJ;_;_;638;mark;_;_;
ловишь;ловить;VERB;_;Aspect=Imp|Mood=Ind|Number=Sing|Person=2|Tense=Pres|VerbForm=Fin|Voice=Act;635;advcl;_;_;
волну;волна;NOUN;_;Animacy=Inan|Case=Acc|Gender=Fem|Number=Sing;638;obj;_;_;
со;с;ADP;_;_;641;case;_;_;
зрителем;зритель;NOUN;_;Animacy=Anim|Case=Ins|Gender=Masc|Number=Sing;639;nmod;_;_;
да;да;CCONJ;_;_;646;cc;_;_;
вот;вот;PART;_;_;644;advmod;_;_;
как;как;ADV;_;Degree=Pos;646;obl;_;_;
они;они;PRON;_;Animacy=Anim|Case=Acc|Gender=Neut|Number=Sing;648;obj;_;_;
это;это;PRON;;Animacy=Inan|Case=Nom|Gender=Neut|Number=Sing;;;;;
невозможно;невозможно;ADV;_;Degree=Pos;638;obl;_;_;
его;он;PRON;_;Case=Acc|Gender=Masc|Number=Sing|Person=3;648;obj;_;_;
передать;передать;VERB;_;Aspect=Perf|VerbForm=Inf|Voice=Act;646;csubj;_;_;
самый;самый;ADJ;_;Animacy=Inan|Case=Acc|Degree=Pos|Gender=Masc|Number=Sing;650;amod;_;_;
самый;самый;ADJ;_;Animacy=Inan|Case=Acc|Degree=Pos|Gender=Masc|Number=Sing;651;amod;_;_;
кайф;кайф;NOUN;_;Animacy=Inan|Case=Acc|Gender=Masc|Number=Sing;675;obj;_;_;
это;это;PRON;_;Animacy=Inan|Case=Acc|Gender=Neut|Number=Sing;689;obj;_;_;
вот;вот;PART;_;_;660;advmod;_;_;
когда;когда;SCONJ;_;_;660;mark;_;_;
ну;ну;PART;_;_;660;parataxis;_;_;
пока;пока;ADV;_;Degree=Pos;660;advmod;_;_;
не;не;PART;_;_;658;advmod;_;_;
все;весь;DET;_;Case=Nom|Number=Plur;659;det;_;_;
мы;мы;PRON;_;Case=Nom|Number=Plur|Person=1;660;nsubj;_;_;
взяли;взять;VERB;_;Aspect=Perf|Mood=Ind|Number=Plur|Tense=Past|VerbForm=Fin|Voice=Act;675;advcl;_;_;
только;только;PART;_;_;662;advmod;_;_;
мы;мы;PRON;_;Case=Nom|Number=Plur|Person=1;675;nsubj;_;_;
потому;потому;ADV;_;Degree=Pos;668;mark;_;_;
что;что;SCONJ;_;_;663;fixed;_;_;
я;я;PRON;_;Case=Nom|Number=Sing|Person=1;668;nsubj;_;_;
прошлый;прошлый;ADJ;_;Animacy=Inan|Case=Acc|Degree=Pos|Gender=Masc|Number=Sing;667;amod;_;_;
год;год;NOUN;_;Animacy=Inan|Case=Acc|Gender=Masc|Number=Sing;668;obl;_;_;
зашел;зайти;VERB;_;Aspect=Perf|Gender=Masc|Mood=Ind|Number=Sing|Tense=Past|VerbForm=Fin|Voice=Act;675;advcl;_;_;
в;в;ADP;_;_;670;case;_;_;
татарстан;Татарстан;PROPN;_;Animacy=Inan|Case=Acc|Gender=Masc|Number=Sing;668;obl;_;_;
впервые;впервые;ADV;_;Degree=Pos;675;advmod;_;_;
конечно;конечно;ADV;_;Degree=Pos;675;parataxis;_;_;
э;э;INTJ;_;_;675;advmod;_;_;
там;там;ADV;_;Degree=Pos;675;advmod;_;_;
нет;нет;VERB;_;Aspect=Imp|Mood=Ind|Number=Sing|Person=3|Tense=Pres|VerbForm=Fin|Voice=Act;648;xcomp;_;_;
такого;такой;DET;_;Case=Acc|Gender=Masc|Number=Sing;679;det;_;_;
очень;очень;ADV;_;Degree=Pos;678;obl;_;_;
гостеприимный;гостеприимный;ADJ;_;Animacy=Inan|Case=Acc|Degree=Pos|Gender=Masc|Number=Sing;679;amod;_;_;
регион;регион;NOUN;_;Animacy=Inan|Case=Acc|Gender=Masc|Number=Sing;689;obj;_;_;
меня;я;PRON;_;Case=Acc|Number=Sing|Person=1;689;obj;_;_;
ну;ну;PART;_;_;682;parataxis;_;_;
я;я;PRON;_;Case=Nom|Number=Sing|Person=1;688;parataxis;_;_;
же;же;PART;_;_;682;advmod;_;_;
в;в;ADP;_;_;685;case;_;_;
возрасте;возраст;NOUN;_;Animacy=Inan|Case=Loc|Gender=Masc|Number=Sing;688;obl;_;_;
артист;артист;NOUN;_;Animacy=Anim|Case=Nom|Gender=Masc|Number=Sing;688;nsubj;_;_;
уже;уже;ADV;_;Degree=Pos;688;advmod;_;_;
можно;можно;ADV;_;Degree=Pos;675;conj;_;_;
сказать;сказать;VERB;_;Aspect=Perf|VerbForm=Inf|Voice=Act;697;csubj;_;_;
да;да;PART;_;_;697;advmod;_;_;
солидный;солидный;ADJ;_;Case=Nom|Degree=Pos|Gender=Masc|Number=Sing;692;amod;_;_;
возраст;возраст;NOUN;_;Animacy=Inan|Case=Nom|Gender=Masc|Number=Sing;697;nsubj;_;_;
в;в;ADP;_;_;697;case;_;_;
моем;мой;DET;_;Case=Loc|Gender=Masc|Number=Sing;695;det;_;_;
возрасте;возраст;NOUN;_;Animacy=Inan|Case=Loc|Gender=Masc|Number=Sing;693;obl;_;_;
уже;уже;ADV;_;Degree=Pos;697;advmod;_;_;
надо;надо;ADV;_;Degree=Pos;688;advmod;_;_;
к;к;ADP;_;_;699;case;_;_;
пенсии;пенсия;NOUN;_;Animacy=Inan|Case=Dat|Gender=Fem|Number=Sing;700;obl;_;_;
готовиться;готовиться;VERB;_;Aspect=Imp|VerbForm=Inf|Voice=Mid;701;csubj;_;_;
надо;надо;ADV;_;Degree=Pos;697;advmod;_;_;
а;а;CCONJ;_;_;707;cc;_;_;
я;я;PRON;_;Case=Nom|Number=Sing|Person=1;707;nsubj;_;_;
впервые;впервые;ADV;_;Degree=Pos;707;advmod;_;_;
вот;вот;PART;_;_;706;advmod;_;_;
только;только;PART;_;_;707;advmod;_;_;
вошел;войти;VERB;_;Aspect=Perf|Gender=Masc|Mood=Ind|Number=Sing|Tense=Past|VerbForm=Fin|Voice=Act;701;conj;_;_;
в;в;ADP;_;_;709;case;_;_;
татарстан;Татарстан;PROPN;_;Animacy=Inan|Case=Loc|Gender=Fem|Number=Sing;707;obl;_;_;
ну;ну;PART;_;_;713;parataxis;_;_;
мне;я;PRON;_;Case=Dat|Number=Sing|Person=1;713;iobj;_;_;
очень;очень;ADV;_;Degree=Pos;713;advmod;_;_;
понравилось;понравиться;VERB;_;Aspect=Perf|Gender=Neut|Mood=Ind|Number=Sing|Tense=Past|VerbForm=Fin|Voice=Mid;707;xcomp;_;_;
мы;мы;PRON;_;Case=Nom|Number=Plur|Person=1;718;nsubj:pass;_;_;
там;там;ADV;_;Degree=Pos;718;advmod;_;_;
охва;охватили;VERB;_;Aspect=Perf|Mood=Ind|Number=Plur|Tense=Past|VerbForm=Fin|Voice=Mid;718;nsubj:pass;_;_;
мы;мы;PRON;_;Case=Nom|Number=Plur|Person=1;718;nsubj:pass;_;_;
полтатарстана;полтатарстана;NOUN;_;Case=Gen|Gender=Masc;707;conj;_;_;
только;только;PART;_;_;720;advmod;_;_;
объездили;объездить;VERB;_;Aspect=Perf|Mood=Ind|Number=Plur|Tense=Past|VerbForm=Fin|Voice=Act;718;xcomp;_;_;
в;в;ADP;_;_;722;case;_;_;
казани;Казань;PROPN;_;Animacy=Inan|Case=Loc|Gender=Fem|Number=Sing;720;obl;_;_;
тоже;тоже;PART;_;_;725;advmod;_;_;
я;я;PRON;_;Case=Nom|Number=Sing|Person=1;725;nsubj;_;_;
дал;дать;VERB;_;Aspect=Perf|Gender=Masc|Mood=Ind|Number=Sing|Tense=Past|VerbForm=Fin|Voice=Act;720;conj;_;_;
три;три;NUM;_;Animacy=Inan|Case=Acc;727;nummod:gov;_;_;
концерта;концерт;NOUN;_;Animacy=Inan|Case=Gen|Gender=Masc|Number=Sing;725;obl;_;_;
ос;ос;Х;_;_;725;_;_;_;
тож;тоже;NOUN;_;Animacy=Inan|Case=Acc|Gender=Masc|Number=Sing;728;obj;_;_;
да;да;PART;_;_;737;advmod;_;_;
были;быть;AUX;_;Aspect=Imp|Mood=Ind|Number=Plur|Tense=Past|VerbForm=Fin|Voice=Act;737;cop;_;_;
аншлаги;аншлаг;NOUN;;Animacy=Inan|Case=Acc|Gender=Masc|Number=Plur;;;;;
вот;вот;PART;_;_;733;advmod;_;_;
сейчас;сейчас;ADV;_;Degree=Pos;737;advmod;_;_;
у;у;ADP;_;_;735;case;_;_;
меня;я;PRON;_;Case=Gen|Number=Sing|Person=1;737;nmod;_;_;
дополнительный;дополнительный;ADJ;_;Animacy=Inan|Case=Acc|Degree=Pos|Gender=Masc|Number=Sing;737;amod;_;_;
концерт;концерт;NOUN;_;Animacy=Inan|Case=Acc|Gender=Masc|Number=Sing;728;obl;_;_;
10;10;NUM;_;_;737;nummod;_;_;
марта;март;NOUN;_;Animacy=Inan|Case=Gen|Gender=Masc|Number=Sing;738;flat;_;_;
там;там;ADV;_;Degree=Pos;728;advmod;_;_;
будет;быть;AUX;_;Aspect=Imp|Mood=Ind|Number=Sing|Person=3|Tense=Pres|VerbForm=Fin|Voice=Act;728;aux;_;_;
еще;еще;ADV;_;Degree=Pos;746;advmod;_;_;
и;и;PART;_;_;744;cc;_;_;
туда;туда;ADV;_;Degree=Pos;742;conj;_;_;
тоже;тоже;PART;_;_;746;advmod;_;_;
зовут;звать;VERB;_;Aspect=Imp|Mood=Ind|Number=Plur|Person=3|Tense=Pres|VerbForm=Fin|Voice=Act;728;xcomp;_;_;
они;они;PRON;_;Case=Nom|Number=Plur|Person=3;746;nsubj;_;_;
воообще;вообще;ADV;_;Degree=Pos;754;advmod;_;_;
вот;вот;PART;_;_;748;advmod;_;_;
очень;очень;ADV;_;Degree=Pos;751;advmod;_;_;
сильно;сильно;ADV;_;Degree=Pos;754;advmod;_;_;
они;они;PRON;_;Case=Nom|Number=Plur|Person=3;754;nsubj;_;_;
меня;я;PRON;_;Case=Acc|Number=Sing|Person=1;754;obj;_;_;
просят;просить;VERB;_;Aspect=Imp|Mood=Ind|Number=Plur|Person=3|Tense=Pres|VerbForm=Fin|Voice=Act;746;xcomp;_;_;
и;и;CCONJ;_;_;758;cc;_;_;
вот;вот;PART;_;_;757;advmod;_;_;
сейчас;сейчас;ADV;_;Degree=Pos;758;advmod;_;_;
получается;получаться;ADJ;_;Aspect=Imp|Mood=Ind|Number=Plur|Tense=Pres|VerbForm=Fin|Voice=Act;754;conj;_;_;
два;два;NUM;_;Animacy=Inan|Case=Acc|Gender=Masc;760;nummod:gov;_;_;
месяца;месяц;NOUN;_;Animacy=Inan|Case=Gen|Gender=Masc|Number=Sing;758;obl;_;_;
мы;мы;PRON;_;Case=Nom|Number=Plur|Person=1;762;nsubj;_;_;
взяли;брать;VERB;_;Aspect=Perf|Mood=Ind|Number=Plur|Tense=Past|VerbForm=Fin|Voice=Act;758;cop;_;_;
февраль;февраль;NOUN;_;Animacy=Inan|Case=Acc|Gender=Fem|Number=Sing;773;obj;_;_;
март;март;NOUN;_;Animacy=Inan|Case=Acc|Gender=Masc|Number=Sing;767;obj;_;_;
татарст;Татарстан;PROPN;_;Animacy=Inan|Case=Acc|Gender=Masc|Number=Sing;767;advmod;_;_;
башкирию;Башкирия;PROPN;_;Animacy=Inan|Case=Acc|Gender=Fem|Number=Sing;765;obj;_;_;
взяли;взять;VERB;_;Aspect=Perf|Mood=Ind|Number=Plur|Tense=Past|VerbForm=Fin|Voice=Act;762;xcomp;_;_;
потому;потому;ADV;_;Degree=Pos;773;mark;_;_;
что;что;SCONJ;_;_;768;fixed;_;_;
здесь;здесь;ADV;_;Degree=Pos;773;advmod;_;_;
мои;мой;DET;_;Case=Nom|Number=Plur;773;det;_;_;
тоже;тоже;PART;_;_;771;fixed;_;_;
хотят;хотеть;VERB;_;Aspect=Imp|Mood=Ind|Number=Plur|Person=3|Tense=Pres|VerbForm=Fin|Voice=Act;767;advcl;_;_;
потому;потому;ADV;_;Degree=Pos;778;mark;_;_;
что;что;SCONJ;_;_;774;fixed;_;_;
мой;мой;DET;_;Case=Nom|Gender=Masc|Number=Sing;778;det;_;_;
родный;родной;ADJ;_;Case=Nom|Degree=Pos|Gender=Masc|Number=Sing;778;amod;_;_;
зритель;зритель;NOUN;_;Animacy=Anim|Case=Nom|Gender=Masc|Number=Sing;773;nsubj;_;_;
здесь;здесь;ADV;_;Degree=Pos;778;advmod;_;_;
и;и;CCONJ;_;_;786;cc;_;_;
потом;потом;ADV;_;Degree=Pos;786;advmod;_;_;
мы;мы;PRON;_;Case=Nom|Number=Plur|Person=1;786;nsubj;_;_;
опять;опять;ADV;_;Degree=Pos;786;advmod;_;_;
в;в;ADP;_;_;785;case;_;_;
татарстан;Татарстан;PROPN;_;Animacy=Inan|Case=Acc|Gender=Masc|Number=Sing;786;obl;_;_;
выдвигаемся;выдвигаться;VERB;_;Aspect=Imp|Mood=Ind|Number=Plur|Person=1|Tense=Pres|VerbForm=Fin|Voice=Mid;779;conj;_;_;
ну;ну;PART;_;_;789;discourse;_;_;
ульяновская;ульяновский;ADJ;_;Case=Nom|Degree=Pos|Gender=Fem|Number=Sing;789;amod;_;_;
область;область;NOUN;_;Animacy=Inan|Case=Nom|Gender=Fem|Number=Sing;796;nsubj;_;_;
ретров;ретров;Х;_;_;789;_;_;_;
град;град;NOUN;_;Animacy=Inan|Case=Gen|Gender=Fem|Number=Plur;790;nmod;_;_;
там;там;ADV;_;Degree=Pos;796;advmod;_;_;
очень;очень;ADV;_;Degree=Pos;794;advmod;_;_;
много;много;ADV;_;Degree=Pos;796;nsubj;_;_;
регионов;регион;NOUN;_;Animacy=Inan|Case=Gen|Gender=Masc|Number=Plur;794;obl;_;_;
неет;нет;PART;_;_;786;conj;_;_;
там;там;ADV;_;Degree=Pos;796;advmod;_;_;
очень;очень;ADV;_;Degree=Pos;799;advmod;_;_;
много;много;ADV;_;Degree=Pos;804;advmod;_;_;
где;где;ADV;_;Degree=Pos;799;advmod;_;_;
наши;наш;DET;_;Case=Acc|Number=Plur;802;det;_;_;
татары;татарин;NOUN;_;Animacy=Inan|Case=Acc|Gender=Masc|Number=Plur;812;obl;_;_;
башкиры;башкир;NOUN;_;Animacy=Anim|Case=Nom|Gender=Masc|Number=Plur;804;nsubj;_;_;
живут;жить;VERB;_;Aspect=Imp|Mood=Ind|Number=Plur|Person=3|Tense=Pres|VerbForm=Fin|Voice=Act;796;conj;_;_;
это;это;PRON;_;Animacy=Inan|Case=Acc|Gender=Neut|Number=Sing;812;obj;_;_;
нижегородская;нижегородский;ADJ;_;Case=Nom|Degree=Pos|Gender=Fem|Number=Sing;807;amod;_;_;
область;область;NOUN;_;Animacy=Inan|Case=Nom|Gender=Fem|Number=Sing;812;nsubj;_;_;
самарская;самарский;ADJ;_;Case=Nom|Degree=Pos|Gender=Fem|Number=Sing;809;amod;_;_;
область;область;NOUN;_;Animacy=Inan|Case=Nom|Gender=Fem|Number=Sing;812;nsubj;_;_;
очень;очень;ADV;_;Degree=Pos;811;advmod;_;_;
много;много;ADV;_;Degree=Pos;812;advmod;_;_;
оказывается;оказываться;VERB;_;Aspect=Imp|Mood=Ind|Number=Sing|Person=3|Tense=Pres|VerbForm=Fin|Voice=Mid;804;conj;_;_;
столько;столько;ADV;_;Degree=Pos;817;advmod;_;_;
всего;все;PART;_;Case=Gen;813;fixed;_;_;
я;я;PRON;_;Case=Nom|Number=Sing|Person=1;817;nsubj;_;_;
не;не;PART;_;_;817;advmod;_;_;
видел;видеть;VERB;_;Aspect=Imp|Gender=Masc|Mood=Ind|Number=Sing|Tense=Past|VerbForm=Fin|Voice=Act;812;parataxis;_;_;
столько;столько;ADV;_;Degree=Pos;819;nummod:gov;_;_;
времени;время;NOUN;_;Animacy=Inan|Case=Gen|Gender=Neut|Number=Sing;817;obl;_;_;
ну;ну;PART;_;_;821;parataxis;_;_;
дим;дим;X;_;Foreign-?;817;conj;_;_;
буйлары;буйлары;Х;_;Foreign=?;821;obj;_;_;
дим;дим;Х;_;Foreign-?;822;acl;_;_;
буйлары;буйлары;Х;_;Foreign-?;823;obj;_;_;
исларбэз;исларбэз;Х;_;Foreign-?;843;obj;_;_;
дим;дим;X;_;Foreign-?;843;advcl;_;_;
буйлары;буйлары;Х;_;Foreign-?;826;obj;_;_;
уз;уз;X;_;Foreign-?;827;flat:foreign;_;_;
сары;сары;X;_;Foreign-?;826;obj;_;_;
чэчкэ;чэчкэ;X;_;Foreign-?;829;flat:foreign;_;_;
озмэгез;озмэгез;Х;_;Foreign-?;843;xcomp;_;_;
полностью;полностью;ADV;_;Degree=Pos;831;advmod;_;_;
я;я;PRON;_;Case=Nom|Number=Sing|Person=1;843;nsubj;_;_;
ее;она;PRON;_;Case=Gen|Gender=Fem|Number=Sing|Person=3;843;obl;_;_;
не;не;PART;_;_;836;advmod;_;_;
помню;помнить;VERB;_;Aspect=Imp|Mood=Ind|Number=Sing|Person=1|Tense=Pres|VerbForm=Fin|Voice=Act;843;advcl;_;_;
честно;честно;ADV;_;Degree=Pos;836;advmod;_;_;
а;а; INTJ;_;_;839;cc;_;_;
м;м-м; INTJ;_;Animacy=Inan|Case=Acc|Gender=Masc|Number=Sing;837;conj;_;_;
доброе;добрый;ADJ;_;Case=Acc|Degree=Pos|Gender=Neut|Number=Sing;841;amod;_;_;
утро;утро;NOUN;_;Animacy=Inan|Case=Acc|Gender=Neut|Number=Sing;839;nmod;_;_;
меня;я;PRON;_;Case=Acc|Number=Sing|Person=1;843;obj;_;_;
зовут;звать;VERB;_;Aspect=Imp|Mood=Ind|Number=Plur|Person=3|Tense=Pres|VerbForm=Fin|Voice=Act;823;xcomp;_;_;
земфира;Земфира;PROPN;_;Animacy=Anim|Case=Acc|Gender=Masc|Number=Sing;849;obj;_;_;
гым;гый;Х;_;Foreign-?;846;amod;_;_;
буйлары;буйлар;Х;_;Foreign-?;849;obl;_;_;
сары;сар;Х;_;Foreign-?;849;obj;_;_;
чэээчке;чэээчка;Х;_;Foreign-?;847;iobj;_;_;
узэсыз;узэсыз;Х;_;Foreign-?;843;ccomp;_;_;
дэ;дэ;Х;_;Foreign-?;849;flat:foreign;_;_;
уласын;уласын;Х;_;Foreign-?;849;nsubj;_;_;
дим;дить;Х;_;Foreign-?;851;appos;_;_;
буйлары;буйлар;Х;_;Foreign-?;852;nmod;_;_;
сары;сар;Х;_;Foreign-?;853;nmod;_;_;
чэээчке;чэээчка;Х;_;Foreign-?;849;advmod;_;_;
это;это;PRON;_;Animacy=Inan|Case=Nom|Gender=Neut|Number=Sing;859;nsubj;_;_;
самая;самый;ADJ;_;Case=Nom|Degree=Pos|Gender=Fem|Number=Sing;858;amod;_;_;
любимая;любимый;ADJ;_;Case=Nom|Degree=Pos|Gender=Fem|Number=Sing;859;amod;_;_;
песня;песня;NOUN;_;Animacy=Inan|Case=Nom|Gender=Fem|Number=Sing;849;nsubj;_;_;
и;и;CCONJ;_;_;861;cc;_;_;
хитовая;хитовый;ADJ;_;Case=Nom|Degree=Pos|Gender=Fem|Number=Sing;867;conj;_;_;
и;и;CCONJ;_;_;864;cc;_;_;
все;весь;PART;_;_;864;advmod;_;_;
все;весь;PRON;_;Animacy=Inan|Case=Acc|Gender=Neut|Number=Sing;861;conj;_;_;
она;она;PRON;_;Case=Nom|Gender=Fem|Number=Sing|Person=3;867;nsubj;_;_;
просто;просто;PART;_;_;867;advmod;_;_;
забыла;забыть;VERB;_;Aspect=Perf|Gender=Fem|Mood=Ind|Number=Sing|Tense=Past|VerbForm=Fin|Voice=Act;859;conj;_;_;
что;что;PRON;_;Case=Acc;869;obj;_;_;
звонила;звонить;VERB;_;Aspect=Perf|Gender=Fem|Mood=Ind|Number=Sing|Tense=Past|VerbForm=Fin|Voice=Act;872;conj;_;_;
в;в;ADP;_;_;871;case;_;_;
студию;студия;NOUN;_;Animacy=Inan|Case=Acc|Gender=Fem|Number=Sing;869;obl;_;_;
положила;положить;VERB;_;Aspect=Perf|Gender=Fem|Mood=Ind|Number=Sing|Tense=Past|VerbForm=Fin|Voice=Act;867;xcomp;_;_;
трубку;трубка;NOUN;_;Animacy=Inan|Case=Acc|Gender=Fem|Number=Sing;872;obj;_;_;
пошла;пойти;VERB;_;Aspect=Perf|Gender=Fem|Mood=Ind|Number=Sing|Tense=Past|VerbForm=Fin|Voice=Act;872;conj;_;_;
петь;петь;VERB;_;Aspect=Imp|VerbForm=Inf|Voice=Act;877;xcomp;_;_;
не;не;PART;_;_;877;advmod;_;_;
пойду;пойти;VERB;_;Aspect=Perf|Mood=Ind|Number=Sing|Person=1|Tense=Fut|VerbForm=Fin|Voice=Act;874;xcomp;_;_;
на;на;ADP;_;_;879;case;_;_;
работу;работа;NOUN;_;Animacy=Inan|Case=Acc|Gender=Fem|Number=Sing;877;obl;_;_;
пойду;пойти;VERB;_;Aspect=Perf|Mood=Ind|Number=Sing|Person=1|Tense=Fut|VerbForm=Fin|Voice=Act;877;conj;_;_;
послушаю;послушать;VERB;_;Aspect=Imp|Mood=Ind|Number=Sing|Person=1|Tense=Pres|VerbForm=Fin|Voice=Act;880;xcomp;_;_;
диск;диск;NOUN;_;Animacy=Inan|Case=Acc|Gender=Masc|Number=Sing;881;obj;_;_;
